-- phpMyAdmin SQL Dump
-- version 5.1.1
-- https://www.phpmyadmin.net/
--
-- Máy chủ: localhost
-- Thời gian đã tạo: Th1 14, 2022 lúc 08:32 AM
-- Phiên bản máy phục vụ: 10.4.22-MariaDB
-- Phiên bản PHP: 7.4.26

SET SQL_MODE = "NO_AUTO_VALUE_ON_ZERO";
START TRANSACTION;
SET time_zone = "+00:00";


/*!40101 SET @OLD_CHARACTER_SET_CLIENT=@@CHARACTER_SET_CLIENT */;
/*!40101 SET @OLD_CHARACTER_SET_RESULTS=@@CHARACTER_SET_RESULTS */;
/*!40101 SET @OLD_COLLATION_CONNECTION=@@COLLATION_CONNECTION */;
/*!40101 SET NAMES utf8mb4 */;

--
-- Cơ sở dữ liệu: `markitone_bk`
--

-- --------------------------------------------------------

--
-- Cấu trúc bảng cho bảng `account`
--

CREATE TABLE `account` (
  `id` int(11) NOT NULL,
  `createdAt` timestamp(6) NOT NULL DEFAULT current_timestamp(6),
  `updatedAt` timestamp(6) NOT NULL DEFAULT current_timestamp(6) ON UPDATE current_timestamp(6),
  `username` varchar(64) NOT NULL,
  `externalAccountId` varchar(64) DEFAULT NULL,
  `accountName` varchar(100) NOT NULL,
  `companyId` varchar(64) NOT NULL,
  `password` varchar(64) NOT NULL,
  `deletedAt` datetime DEFAULT NULL,
  `deletedBy` int(11) DEFAULT NULL
) ENGINE=InnoDB DEFAULT CHARSET=utf8mb4;

--
-- Đang đổ dữ liệu cho bảng `account`
--

INSERT INTO `account` (`id`, `createdAt`, `updatedAt`, `username`, `externalAccountId`, `accountName`, `companyId`, `password`, `deletedAt`, `deletedBy`) VALUES
(2, '2021-12-20 06:45:57.807197', '2021-12-20 06:45:57.807197', 'ducpb', NULL, 'ducpb', 'RMIT', '$2a$10$f/poUsp3MGDKMt5LNYabW.rrdlShhVesCUH2TgHFJ4XMsWVAfvus2', NULL, NULL),
(4, '2021-12-20 07:16:59.761537', '2021-12-20 07:16:59.761537', 'Hainl', NULL, 'Hai Nguyen', 'aimesoft', '$2a$10$VhDQF2KWbbwozFqfkoQjuuBQ/muyPQjnqw5hw1.mak/74GS1bGkES', NULL, NULL),
(5, '2022-01-14 04:17:37.763645', '2022-01-14 04:17:37.763645', 'nguyenlehaix', NULL, 'Hai Nguyen', 'aimesoft', '$2a$10$pEyFSF57HBWj5PysOOUM7OAnaaZZrygOp7L8IofIv0C99Rd4mIwBq', NULL, NULL),
(6, '2022-01-14 04:24:37.428053', '2022-01-14 04:24:37.428053', 'nguyenlehaixxxx', NULL, 'Hai Nguyen', 'aimesoft', '$2a$10$2XuJhlMS0AeOwzG8Oxrc..CUE9tqVvV/rO0c5eLW8OQWtSJScLeVy', NULL, NULL),
(7, '2022-01-14 04:25:05.585844', '2022-01-14 04:25:05.585844', 'Nguyenlehaixxxb', NULL, 'Hai nguyen', 'aimesoft', '$2a$10$pNBDOA/KAm/ewE.s2IrTL.tx4w/bSf6lsS7iRDXkp6YumRU9FsQPq', NULL, NULL),
(8, '2022-01-14 06:44:11.618012', '2022-01-14 06:44:11.618012', 'nguyenlehaixxxxs', NULL, 'Hai Nguyen', 'aimesoft', '$2a$10$QnhGNw5v3lOctPskEslIku9rZlVi5vWVAwWNOmbsaZbfv0H789JEa', NULL, NULL);

-- --------------------------------------------------------

--
-- Cấu trúc đóng vai cho view `candidate_account`
-- (See below for the actual view)
--
CREATE TABLE `candidate_account` (
`id` int(11)
,`createdAt` timestamp(6)
,`updatedAt` timestamp(6)
,`internalAccountId` varchar(64)
,`accountId` varchar(64)
,`accountName` varchar(100)
,`companyId` varchar(64)
,`password` varchar(64)
,`deletedAt` datetime
);

-- --------------------------------------------------------

--
-- Cấu trúc đóng vai cho view `candidate_company`
-- (See below for the actual view)
--
CREATE TABLE `candidate_company` (
`id` int(11)
,`createdAt` timestamp(6)
,`updatedAt` timestamp(6)
,`companyName` varchar(100)
,`companyId` varchar(45)
);

-- --------------------------------------------------------

--
-- Cấu trúc đóng vai cho view `candidate_customer`
-- (See below for the actual view)
--
CREATE TABLE `candidate_customer` (
`id` int(11)
,`createdAt` timestamp(6)
,`updatedAt` timestamp(6)
,`internalCustomerId` varchar(64)
,`customerId` varchar(64)
,`customerName` varchar(64)
,`companyId` varchar(45)
,`deletedAt` datetime
);

-- --------------------------------------------------------

--
-- Cấu trúc đóng vai cho view `candidate_memo`
-- (See below for the actual view)
--
CREATE TABLE `candidate_memo` (
`id` int(11)
,`createdAt` timestamp(6)
,`internalCustomerId` varchar(64)
,`memo` text
,`deletedAt` datetime
,`createdBy` int(11)
,`internalAccountId` varchar(64)
,`accountId` varchar(64)
,`accountName` varchar(100)
,`companyId` varchar(64)
,`customerId` varchar(64)
,`customerName` varchar(64)
);

-- --------------------------------------------------------

--
-- Cấu trúc bảng cho bảng `company`
--

CREATE TABLE `company` (
  `id` int(11) NOT NULL,
  `createdAt` timestamp(6) NOT NULL DEFAULT current_timestamp(6),
  `updatedAt` timestamp(6) NOT NULL DEFAULT current_timestamp(6) ON UPDATE current_timestamp(6),
  `companyName` varchar(100) NOT NULL,
  `companyId` varchar(45) NOT NULL
) ENGINE=InnoDB DEFAULT CHARSET=utf8mb4;

--
-- Đang đổ dữ liệu cho bảng `company`
--

INSERT INTO `company` (`id`, `createdAt`, `updatedAt`, `companyName`, `companyId`) VALUES
(1, '2021-12-20 06:45:31.316266', '2021-12-20 06:45:31.316266', 'RMIT', 'RMIT'),
(2, '2021-12-20 07:16:54.727020', '2021-12-20 07:16:54.727020', 'aimesoft', 'aimesoft');

-- --------------------------------------------------------

--
-- Cấu trúc bảng cho bảng `customer`
--

CREATE TABLE `customer` (
  `id` int(11) NOT NULL,
  `createdAt` timestamp(6) NOT NULL DEFAULT current_timestamp(6),
  `updatedAt` timestamp(6) NOT NULL DEFAULT current_timestamp(6) ON UPDATE current_timestamp(6),
  `customerId` varchar(64) NOT NULL,
  `externalCustomerId` varchar(64) DEFAULT NULL,
  `customerName` varchar(64) NOT NULL,
  `companyId` varchar(45) NOT NULL,
  `createdBy` int(11) NOT NULL,
  `deletedBy` int(11) DEFAULT NULL,
  `deletedAt` datetime DEFAULT NULL
) ENGINE=InnoDB DEFAULT CHARSET=utf8mb4;

--
-- Đang đổ dữ liệu cho bảng `customer`
--

INSERT INTO `customer` (`id`, `createdAt`, `updatedAt`, `customerId`, `externalCustomerId`, `customerName`, `companyId`, `createdBy`, `deletedBy`, `deletedAt`) VALUES
(1, '2021-12-20 06:56:22.506557', '2021-12-20 06:56:22.506557', 'hainl', NULL, 'Hai Nguyen', 'RMIT', 2, NULL, NULL),
(2, '2022-01-10 08:40:08.508831', '2022-01-10 08:40:08.508831', 'hainl1', NULL, 'Hai Nguyen 1', 'RMIT', 4, NULL, NULL),
(3, '2022-01-14 03:01:05.091536', '2022-01-14 03:01:05.091536', 'nguyenlehai', NULL, 'Nguyen Le Hai', 'aimesoft', 4, NULL, NULL),
(4, '2022-01-14 03:04:03.932325', '2022-01-14 03:04:03.932325', 'nguyenlehai2', NULL, 'Nguyen Le Hai', 'aimesoft', 4, NULL, NULL),
(5, '2022-01-14 03:17:33.473882', '2022-01-14 03:17:33.473882', 'nguyenlehai5', NULL, 'Nguyen Le Hai', 'aimesoft', 4, NULL, NULL),
(6, '2022-01-14 04:38:58.005238', '2022-01-14 04:38:58.005238', 'nguyenlehai6', NULL, 'Nguyen Le Hai', 'aimesoft', 4, NULL, NULL),
(7, '2022-01-14 06:45:49.325394', '2022-01-14 06:45:49.325394', 'nguyenlehais', NULL, 'Nguyen Le Hai', 'aimesoft', 4, NULL, NULL);

-- --------------------------------------------------------

--
-- Cấu trúc bảng cho bảng `memo`
--

CREATE TABLE `memo` (
  `id` int(11) NOT NULL,
  `createdAt` timestamp(6) NOT NULL DEFAULT current_timestamp(6),
  `updatedAt` timestamp(6) NOT NULL DEFAULT current_timestamp(6) ON UPDATE current_timestamp(6),
  `customerId` varchar(64) NOT NULL,
  `memo` text NOT NULL,
  `deletedAt` datetime DEFAULT NULL,
  `deletedBy` int(11) DEFAULT NULL,
  `createdBy` int(11) NOT NULL
) ENGINE=InnoDB DEFAULT CHARSET=utf8mb4;

--
-- Đang đổ dữ liệu cho bảng `memo`
--

INSERT INTO `memo` (`id`, `createdAt`, `updatedAt`, `customerId`, `memo`, `deletedAt`, `deletedBy`, `createdBy`) VALUES
(1, '2021-12-20 06:58:19.629181', '2022-01-14 02:52:40.000000', 'hainl', 'HaiNL test 2', NULL, NULL, 2),
(2, '2021-12-27 09:32:03.107736', '2021-12-27 09:32:03.107736', 'Hainl', 'ABCACDCCADASD', NULL, NULL, 4),
(3, '2021-12-28 02:53:18.613561', '2021-12-28 02:53:18.613561', 'Hainl', 'ABCACDCCADASD', NULL, NULL, 4),
(4, '2021-12-28 06:32:04.694653', '2021-12-28 06:32:04.694653', 'Hainl', 'おはようございますおはようございます', NULL, NULL, 4),
(5, '2021-12-28 06:50:23.852300', '2021-12-28 06:50:23.852300', 'Hainl', 'おはようございますおはようございます', NULL, NULL, 4),
(6, '2021-12-30 08:27:10.467941', '2021-12-30 08:27:10.467941', 'Hainl', 'おはようございます', NULL, NULL, 4),
(7, '2021-12-30 08:28:26.411281', '2021-12-30 08:28:26.411281', 'Hainl', 'おはようございますもしもしもしもし', NULL, NULL, 4),
(8, '2021-12-30 08:29:02.154132', '2021-12-30 08:29:02.154132', 'Hainl', '123456', NULL, NULL, 4),
(9, '2021-12-30 09:57:47.060054', '2021-12-30 09:57:47.060054', 'Hainl', '2', NULL, NULL, 4),
(10, '2021-12-30 09:57:49.379298', '2021-12-30 09:57:49.379298', 'Hainl', '3', NULL, NULL, 4),
(11, '2021-12-30 09:57:51.869932', '2021-12-30 09:57:51.869932', 'Hainl', '4', NULL, NULL, 4),
(12, '2021-12-30 09:57:54.226798', '2021-12-30 09:57:54.226798', 'Hainl', '6345', NULL, NULL, 4),
(13, '2021-12-30 09:57:56.139643', '2021-12-30 09:57:56.139643', 'Hainl', '2534', NULL, NULL, 4),
(14, '2021-12-30 09:57:58.550258', '2021-12-30 09:57:58.550258', 'Hainl', 'h', NULL, NULL, 4),
(15, '2021-12-30 09:58:00.799092', '2021-12-30 09:58:00.799092', 'Hainl', 'sgdfgsdf', NULL, NULL, 4),
(16, '2021-12-30 09:58:02.822730', '2022-01-13 04:01:23.000000', 'Hainl', 'HaiNL', NULL, NULL, 4),
(17, '2021-12-30 09:58:04.830615', '2021-12-30 09:58:04.830615', 'Hainl', 'utyr', NULL, NULL, 4),
(18, '2021-12-30 09:58:06.920703', '2021-12-30 09:58:06.920703', 'Hainl', 'zs', NULL, NULL, 4),
(19, '2021-12-30 09:58:09.681694', '2021-12-30 09:58:09.681694', 'Hainl', ' cv', NULL, NULL, 4),
(20, '2022-01-04 03:08:50.236533', '2022-01-04 03:08:50.236533', 'Hainl', 'おはよう', NULL, NULL, 4),
(21, '2022-01-04 03:42:24.727657', '2022-01-04 03:42:24.727657', 'Hainl', 'おはようおはよう', NULL, NULL, 4),
(22, '2022-01-04 04:34:24.344569', '2022-01-04 04:34:24.344569', 'Hainl', 'おはようおはよう', NULL, NULL, 4),
(23, '2022-01-04 04:35:42.750280', '2022-01-04 04:35:42.750280', 'Hainl', 'おはようおはよう', NULL, NULL, 4),
(24, '2022-01-04 04:50:51.363936', '2022-01-04 04:50:51.363936', 'Hainl', '無線無線', NULL, NULL, 4),
(25, '2022-01-04 04:57:00.536603', '2022-01-04 04:57:00.536603', 'Hainl', '無線無線', NULL, NULL, 4),
(26, '2022-01-04 06:29:10.790076', '2022-01-04 06:29:10.790076', 'Hainl', '無線無線', NULL, NULL, 4),
(27, '2022-01-04 06:30:35.338723', '2022-01-04 06:30:35.338723', 'Hainl', '無線無線', NULL, NULL, 4),
(28, '2022-01-10 03:58:45.073323', '2022-01-10 03:58:45.073323', 'Hainl', 'おはようございます', NULL, NULL, 4),
(29, '2022-01-10 10:54:43.351732', '2022-01-10 10:54:43.351732', 'Hainl', '今日はよろしくお願いしますこれからテストをします', NULL, NULL, 4),
(30, '2022-01-10 10:55:46.264177', '2022-01-10 10:55:46.264177', 'Hainl', '今日はよろしくお願いします', NULL, NULL, 4),
(31, '2022-01-11 01:48:45.721474', '2022-01-11 01:48:45.721474', 'Hainl', 'えっと大島ペット大島', NULL, NULL, 4),
(32, '2022-01-13 10:47:03.968719', '2022-01-13 10:47:03.968719', 'Hainl', 'おはようございまおはようございま', NULL, NULL, 4),
(33, '2022-01-13 10:50:23.208429', '2022-01-13 10:50:23.208429', 'Hainl', 'おはようございまおはようございま', NULL, NULL, 4),
(34, '2022-01-14 03:46:18.841039', '2022-01-14 03:46:18.841039', 'Hainl', '今日は\nおはようございます\nどうもありがとうございます\nどうもありがとうございます\n\n', NULL, NULL, 4),
(35, '2022-01-14 03:48:50.486751', '2022-01-14 03:48:50.486751', 'Hainl', 'どうもありがとう\nどうもありがとうございます\nエロ\nこんばんはこんばんは熊谷熊谷\nこんばんは', NULL, NULL, 4),
(36, '2022-01-14 04:12:04.974453', '2022-01-14 04:12:04.974453', 'Hainl', 'ありがとうございます。\nおはようございます。\nもしもし。\nこれから。\nおはよう。', NULL, NULL, 4);

-- --------------------------------------------------------

--
-- Cấu trúc bảng cho bảng `token`
--

CREATE TABLE `token` (
  `id` int(11) NOT NULL,
  `createdAt` timestamp(6) NOT NULL DEFAULT current_timestamp(6),
  `updatedAt` timestamp(6) NOT NULL DEFAULT current_timestamp(6) ON UPDATE current_timestamp(6),
  `accountId` int(11) NOT NULL,
  `token` varchar(255) NOT NULL,
  `expires` datetime NOT NULL,
  `type` enum('REFRESH_TOKEN','RESET_PASSWORD','ACCESS_TOKEN') NOT NULL DEFAULT 'REFRESH_TOKEN'
) ENGINE=InnoDB DEFAULT CHARSET=utf8mb4;

--
-- Đang đổ dữ liệu cho bảng `token`
--

INSERT INTO `token` (`id`, `createdAt`, `updatedAt`, `accountId`, `token`, `expires`, `type`) VALUES
(1, '2021-12-20 06:46:42.529832', '2021-12-20 06:46:42.529832', 2, 'eyJhbGciOiJIUzI1NiIsInR5cCI6IkpXVCJ9.eyJzdWIiOnsiYWNjb3VudElkIjoyLCJjb21wYW55SWQiOiJSTUlUIn0sImlhdCI6MTYzOTk4MjgwMiwiZXhwIjoxNjQyNTc0ODAyLCJ0eXBlIjoiUkVGUkVTSF9UT0tFTiJ9.sLETp4RaLdxs_6yoq_3mkl9fBehbo2iPLKPBDGmSAAA', '2022-01-19 13:46:42', 'REFRESH_TOKEN'),
(2, '2021-12-20 07:20:33.644301', '2021-12-20 07:20:33.644301', 4, 'eyJhbGciOiJIUzI1NiIsInR5cCI6IkpXVCJ9.eyJzdWIiOnsiYWNjb3VudElkIjo0LCJjb21wYW55SWQiOiJhaW1lc29mdCJ9LCJpYXQiOjE2Mzk5ODQ4MzMsImV4cCI6MTY0MjU3NjgzMywidHlwZSI6IlJFRlJFU0hfVE9LRU4ifQ.79RECyiOmsBUHWf1RUrai8za_f6s2TlmAL7pvfYt860', '2022-01-19 14:20:33', 'REFRESH_TOKEN'),
(3, '2021-12-20 07:40:34.313437', '2021-12-20 07:40:34.313437', 4, 'eyJhbGciOiJIUzI1NiIsInR5cCI6IkpXVCJ9.eyJzdWIiOnsiYWNjb3VudElkIjo0LCJjb21wYW55SWQiOiJhaW1lc29mdCJ9LCJpYXQiOjE2Mzk5ODYwMzQsImV4cCI6MTY0MjU3ODAzNCwidHlwZSI6IlJFRlJFU0hfVE9LRU4ifQ.jx1NkmkEwrxmUa7wJy-2RmN9Z-7vI4TxPynUsvWS10I', '2022-01-19 14:40:34', 'REFRESH_TOKEN'),
(4, '2021-12-20 08:04:19.153186', '2021-12-20 08:04:19.153186', 4, 'eyJhbGciOiJIUzI1NiIsInR5cCI6IkpXVCJ9.eyJzdWIiOnsiYWNjb3VudElkIjo0LCJjb21wYW55SWQiOiJhaW1lc29mdCJ9LCJpYXQiOjE2Mzk5ODc0NTksImV4cCI6MTY0MjU3OTQ1OSwidHlwZSI6IlJFRlJFU0hfVE9LRU4ifQ.fsXxc4XUammTtUXJW2zCrl874RG5dh-bftmjaVVps4k', '2022-01-19 15:04:19', 'REFRESH_TOKEN'),
(5, '2021-12-20 08:05:09.923069', '2021-12-20 08:05:09.923069', 4, 'eyJhbGciOiJIUzI1NiIsInR5cCI6IkpXVCJ9.eyJzdWIiOnsiYWNjb3VudElkIjo0LCJjb21wYW55SWQiOiJhaW1lc29mdCJ9LCJpYXQiOjE2Mzk5ODc1MDksImV4cCI6MTY0MjU3OTUwOSwidHlwZSI6IlJFRlJFU0hfVE9LRU4ifQ.MG4gGwjZbG83lkvm-DVcAuwSMbZo6ANuxTT-sRkJ32M', '2022-01-19 15:05:09', 'REFRESH_TOKEN'),
(6, '2021-12-20 08:05:42.195202', '2021-12-20 08:05:42.195202', 4, 'eyJhbGciOiJIUzI1NiIsInR5cCI6IkpXVCJ9.eyJzdWIiOnsiYWNjb3VudElkIjo0LCJjb21wYW55SWQiOiJhaW1lc29mdCJ9LCJpYXQiOjE2Mzk5ODc1NDIsImV4cCI6MTY0MjU3OTU0MiwidHlwZSI6IlJFRlJFU0hfVE9LRU4ifQ.bvdob8P4HUL6m_1PqF2O2yklZm7TbskJa9KgG9lWd7E', '2022-01-19 15:05:42', 'REFRESH_TOKEN'),
(7, '2021-12-20 08:12:15.337814', '2021-12-20 08:12:15.337814', 4, 'eyJhbGciOiJIUzI1NiIsInR5cCI6IkpXVCJ9.eyJzdWIiOnsiYWNjb3VudElkIjo0LCJjb21wYW55SWQiOiJhaW1lc29mdCJ9LCJpYXQiOjE2Mzk5ODc5MzUsImV4cCI6MTY0MjU3OTkzNSwidHlwZSI6IlJFRlJFU0hfVE9LRU4ifQ.etqt6aOviDbWPBU7gw9oDth97f-tRk1RQv5w2GyHtYc', '2022-01-19 15:12:15', 'REFRESH_TOKEN'),
(8, '2021-12-20 08:17:19.601452', '2021-12-20 08:17:19.601452', 4, 'eyJhbGciOiJIUzI1NiIsInR5cCI6IkpXVCJ9.eyJzdWIiOnsiYWNjb3VudElkIjo0LCJjb21wYW55SWQiOiJhaW1lc29mdCJ9LCJpYXQiOjE2Mzk5ODgyMzksImV4cCI6MTY0MjU4MDIzOSwidHlwZSI6IlJFRlJFU0hfVE9LRU4ifQ.SYsDbU2FvoKTg_alzg8BQN-jIviyyFNOt4aD4lTi1Zk', '2022-01-19 15:17:19', 'REFRESH_TOKEN'),
(9, '2021-12-20 08:17:45.230180', '2021-12-20 08:17:45.230180', 4, 'eyJhbGciOiJIUzI1NiIsInR5cCI6IkpXVCJ9.eyJzdWIiOnsiYWNjb3VudElkIjo0LCJjb21wYW55SWQiOiJhaW1lc29mdCJ9LCJpYXQiOjE2Mzk5ODgyNjUsImV4cCI6MTY0MjU4MDI2NSwidHlwZSI6IlJFRlJFU0hfVE9LRU4ifQ.r5aYfksp9uDEa7ruoFplZyoLORA3WloppJxVDSsX0Vg', '2022-01-19 15:17:45', 'REFRESH_TOKEN'),
(10, '2021-12-20 08:19:05.872913', '2021-12-20 08:19:05.872913', 4, 'eyJhbGciOiJIUzI1NiIsInR5cCI6IkpXVCJ9.eyJzdWIiOnsiYWNjb3VudElkIjo0LCJjb21wYW55SWQiOiJhaW1lc29mdCJ9LCJpYXQiOjE2Mzk5ODgzNDUsImV4cCI6MTY0MjU4MDM0NSwidHlwZSI6IlJFRlJFU0hfVE9LRU4ifQ.xBqQyBBV4lJPne295lxYYByLG3Wi2ryeU5A9SOlMUMo', '2022-01-19 15:19:05', 'REFRESH_TOKEN'),
(11, '2021-12-20 08:19:50.636142', '2021-12-20 08:19:50.636142', 4, 'eyJhbGciOiJIUzI1NiIsInR5cCI6IkpXVCJ9.eyJzdWIiOnsiYWNjb3VudElkIjo0LCJjb21wYW55SWQiOiJhaW1lc29mdCJ9LCJpYXQiOjE2Mzk5ODgzOTAsImV4cCI6MTY0MjU4MDM5MCwidHlwZSI6IlJFRlJFU0hfVE9LRU4ifQ.QBqiG4qcGXaJqgNuljCfZH0sJViLvFL2-a1PKRAXVeA', '2022-01-19 15:19:50', 'REFRESH_TOKEN'),
(12, '2021-12-21 03:26:06.347627', '2021-12-21 03:26:06.347627', 4, 'eyJhbGciOiJIUzI1NiIsInR5cCI6IkpXVCJ9.eyJzdWIiOnsiYWNjb3VudElkIjo0LCJjb21wYW55SWQiOiJhaW1lc29mdCJ9LCJpYXQiOjE2NDAwNTcxNjYsImV4cCI6MTY0MjY0OTE2NiwidHlwZSI6IlJFRlJFU0hfVE9LRU4ifQ.2SE_IltvNN7Tv_LkQTRy5Q9Ufbm3mT69JSdl_HccvPs', '2022-01-20 10:26:06', 'REFRESH_TOKEN'),
(13, '2021-12-21 03:32:19.417073', '2021-12-21 03:32:19.417073', 4, 'eyJhbGciOiJIUzI1NiIsInR5cCI6IkpXVCJ9.eyJzdWIiOnsiYWNjb3VudElkIjo0LCJjb21wYW55SWQiOiJhaW1lc29mdCJ9LCJpYXQiOjE2NDAwNTc1MzksImV4cCI6MTY0MjY0OTUzOSwidHlwZSI6IlJFRlJFU0hfVE9LRU4ifQ.4hyYtNaHlNFhxQJzro909mznkRNVay9lfiN9KzLX-Mc', '2022-01-20 10:32:19', 'REFRESH_TOKEN'),
(14, '2021-12-21 03:40:21.243513', '2021-12-21 03:40:21.243513', 4, 'eyJhbGciOiJIUzI1NiIsInR5cCI6IkpXVCJ9.eyJzdWIiOnsiYWNjb3VudElkIjo0LCJjb21wYW55SWQiOiJhaW1lc29mdCJ9LCJpYXQiOjE2NDAwNTgwMjEsImV4cCI6MTY0MjY1MDAyMSwidHlwZSI6IlJFRlJFU0hfVE9LRU4ifQ.80CtJUcfycfUG7OKGlat0XNmunwUnXE7VL8p2DpawP4', '2022-01-20 10:40:21', 'REFRESH_TOKEN'),
(15, '2021-12-21 03:44:49.912392', '2021-12-21 03:44:49.912392', 4, 'eyJhbGciOiJIUzI1NiIsInR5cCI6IkpXVCJ9.eyJzdWIiOnsiYWNjb3VudElkIjo0LCJjb21wYW55SWQiOiJhaW1lc29mdCJ9LCJpYXQiOjE2NDAwNTgyODksImV4cCI6MTY0MjY1MDI4OSwidHlwZSI6IlJFRlJFU0hfVE9LRU4ifQ.7kbRsm3fVBX9Z-6Ug1sEh7wpBRtkU2HQyL29FjLg4hE', '2022-01-20 10:44:49', 'REFRESH_TOKEN'),
(16, '2021-12-21 03:57:38.409778', '2021-12-21 03:57:38.409778', 4, 'eyJhbGciOiJIUzI1NiIsInR5cCI6IkpXVCJ9.eyJzdWIiOnsiYWNjb3VudElkIjo0LCJjb21wYW55SWQiOiJhaW1lc29mdCJ9LCJpYXQiOjE2NDAwNTkwNTgsImV4cCI6MTY0MjY1MTA1OCwidHlwZSI6IlJFRlJFU0hfVE9LRU4ifQ.wxPXRrrxmFJ3-lQEXe0_1TzUisiwbBWs9aIX001YtYw', '2022-01-20 10:57:38', 'REFRESH_TOKEN'),
(17, '2021-12-21 03:59:14.672009', '2021-12-21 03:59:14.672009', 4, 'eyJhbGciOiJIUzI1NiIsInR5cCI6IkpXVCJ9.eyJzdWIiOnsiYWNjb3VudElkIjo0LCJjb21wYW55SWQiOiJhaW1lc29mdCJ9LCJpYXQiOjE2NDAwNTkxNTQsImV4cCI6MTY0MjY1MTE1NCwidHlwZSI6IlJFRlJFU0hfVE9LRU4ifQ.HILEPLQFzbsyN_rCFUMaSU4wNISZ9c856Qd933vbb1A', '2022-01-20 10:59:14', 'REFRESH_TOKEN'),
(18, '2021-12-21 04:18:31.601970', '2021-12-21 04:18:31.601970', 4, 'eyJhbGciOiJIUzI1NiIsInR5cCI6IkpXVCJ9.eyJzdWIiOnsiYWNjb3VudElkIjo0LCJjb21wYW55SWQiOiJhaW1lc29mdCJ9LCJpYXQiOjE2NDAwNjAzMTEsImV4cCI6MTY0MjY1MjMxMSwidHlwZSI6IlJFRlJFU0hfVE9LRU4ifQ.omFwgBtuE7Ja2GZtbRq38L_yHU5AxALjfPACIlW51_4', '2022-01-20 11:18:31', 'REFRESH_TOKEN'),
(19, '2021-12-21 04:20:56.048560', '2021-12-21 04:20:56.048560', 4, 'eyJhbGciOiJIUzI1NiIsInR5cCI6IkpXVCJ9.eyJzdWIiOnsiYWNjb3VudElkIjo0LCJjb21wYW55SWQiOiJhaW1lc29mdCJ9LCJpYXQiOjE2NDAwNjA0NTYsImV4cCI6MTY0MjY1MjQ1NiwidHlwZSI6IlJFRlJFU0hfVE9LRU4ifQ.iX0MmShzmk1KhEMn6OJ4Zgp5okcAeYaSlrAPTPLhiME', '2022-01-20 11:20:56', 'REFRESH_TOKEN'),
(20, '2021-12-21 04:36:42.933484', '2021-12-21 04:36:42.933484', 4, 'eyJhbGciOiJIUzI1NiIsInR5cCI6IkpXVCJ9.eyJzdWIiOnsiYWNjb3VudElkIjo0LCJjb21wYW55SWQiOiJhaW1lc29mdCJ9LCJpYXQiOjE2NDAwNjE0MDIsImV4cCI6MTY0MjY1MzQwMiwidHlwZSI6IlJFRlJFU0hfVE9LRU4ifQ.yhh7587zZWxK5GUwUVUrvMEQ55l9jLErkhWdEFetpi4', '2022-01-20 11:36:42', 'REFRESH_TOKEN'),
(21, '2021-12-21 04:54:19.215510', '2021-12-21 04:54:19.215510', 4, 'eyJhbGciOiJIUzI1NiIsInR5cCI6IkpXVCJ9.eyJzdWIiOnsiYWNjb3VudElkIjo0LCJjb21wYW55SWQiOiJhaW1lc29mdCJ9LCJpYXQiOjE2NDAwNjI0NTksImV4cCI6MTY0MjY1NDQ1OSwidHlwZSI6IlJFRlJFU0hfVE9LRU4ifQ.39FbR7WpGvu59iTaqYwyb3N0Yip2GhrVJQJF7AnT8cI', '2022-01-20 11:54:19', 'REFRESH_TOKEN'),
(22, '2021-12-21 04:57:25.357795', '2021-12-21 04:57:25.357795', 4, 'eyJhbGciOiJIUzI1NiIsInR5cCI6IkpXVCJ9.eyJzdWIiOnsiYWNjb3VudElkIjo0LCJjb21wYW55SWQiOiJhaW1lc29mdCJ9LCJpYXQiOjE2NDAwNjI2NDUsImV4cCI6MTY0MjY1NDY0NSwidHlwZSI6IlJFRlJFU0hfVE9LRU4ifQ.fl8QOO_JmwoHxxU2vwLEoAmts5ypzKr3MO3Z17jkwYI', '2022-01-20 11:57:25', 'REFRESH_TOKEN'),
(23, '2021-12-21 05:03:12.956657', '2021-12-21 05:03:12.956657', 4, 'eyJhbGciOiJIUzI1NiIsInR5cCI6IkpXVCJ9.eyJzdWIiOnsiYWNjb3VudElkIjo0LCJjb21wYW55SWQiOiJhaW1lc29mdCJ9LCJpYXQiOjE2NDAwNjI5ODgsImV4cCI6MTY0MjY1NDk4OCwidHlwZSI6IlJFRlJFU0hfVE9LRU4ifQ.t3p6GCv6aS-J25FT37Es5RNk0kvPQQMK-pS_75_T9xk', '2022-01-20 12:03:08', 'REFRESH_TOKEN'),
(24, '2021-12-21 06:31:03.907621', '2021-12-21 06:31:03.907621', 4, 'eyJhbGciOiJIUzI1NiIsInR5cCI6IkpXVCJ9.eyJzdWIiOnsiYWNjb3VudElkIjo0LCJjb21wYW55SWQiOiJhaW1lc29mdCJ9LCJpYXQiOjE2NDAwNjgyNjMsImV4cCI6MTY0MjY2MDI2MywidHlwZSI6IlJFRlJFU0hfVE9LRU4ifQ.cQ5_kUiwDSeNqsotskc1vkDppJmzl2tV_Q7zc0MoPXY', '2022-01-20 13:31:03', 'REFRESH_TOKEN'),
(25, '2021-12-21 06:38:42.229711', '2021-12-21 06:38:42.229711', 4, 'eyJhbGciOiJIUzI1NiIsInR5cCI6IkpXVCJ9.eyJzdWIiOnsiYWNjb3VudElkIjo0LCJjb21wYW55SWQiOiJhaW1lc29mdCJ9LCJpYXQiOjE2NDAwNjg3MjIsImV4cCI6MTY0MjY2MDcyMiwidHlwZSI6IlJFRlJFU0hfVE9LRU4ifQ.GKvf8dSOZO_-UHVXhR5XHHdfb7j5URYLE9RZSgxXAAI', '2022-01-20 13:38:42', 'REFRESH_TOKEN'),
(26, '2021-12-21 06:43:30.269238', '2021-12-21 06:43:30.269238', 4, 'eyJhbGciOiJIUzI1NiIsInR5cCI6IkpXVCJ9.eyJzdWIiOnsiYWNjb3VudElkIjo0LCJjb21wYW55SWQiOiJhaW1lc29mdCJ9LCJpYXQiOjE2NDAwNjkwMTAsImV4cCI6MTY0MjY2MTAxMCwidHlwZSI6IlJFRlJFU0hfVE9LRU4ifQ.oTO3t77GiGPtAdVm9zFjNfqm14Np9zsPq5l2D-9Ymg8', '2022-01-20 13:43:30', 'REFRESH_TOKEN'),
(27, '2021-12-21 07:06:20.243574', '2021-12-21 07:06:20.243574', 4, 'eyJhbGciOiJIUzI1NiIsInR5cCI6IkpXVCJ9.eyJzdWIiOnsiYWNjb3VudElkIjo0LCJjb21wYW55SWQiOiJhaW1lc29mdCJ9LCJpYXQiOjE2NDAwNzAzODAsImV4cCI6MTY0MjY2MjM4MCwidHlwZSI6IlJFRlJFU0hfVE9LRU4ifQ.nxCb_u2YRL2G3O4Npz7mxD-l3T35rhTVCfX3qkZCeE0', '2022-01-20 14:06:20', 'REFRESH_TOKEN'),
(28, '2021-12-21 07:14:01.958347', '2021-12-21 07:14:01.958347', 4, 'eyJhbGciOiJIUzI1NiIsInR5cCI6IkpXVCJ9.eyJzdWIiOnsiYWNjb3VudElkIjo0LCJjb21wYW55SWQiOiJhaW1lc29mdCJ9LCJpYXQiOjE2NDAwNzA4NDEsImV4cCI6MTY0MjY2Mjg0MSwidHlwZSI6IlJFRlJFU0hfVE9LRU4ifQ.hEQ1pCivswxJvhAQHZ-6Ht94B4FQeRbS8ZGBA5NidAM', '2022-01-20 14:14:01', 'REFRESH_TOKEN'),
(29, '2021-12-21 07:16:00.739455', '2021-12-21 07:16:00.739455', 4, 'eyJhbGciOiJIUzI1NiIsInR5cCI6IkpXVCJ9.eyJzdWIiOnsiYWNjb3VudElkIjo0LCJjb21wYW55SWQiOiJhaW1lc29mdCJ9LCJpYXQiOjE2NDAwNzA5NjAsImV4cCI6MTY0MjY2Mjk2MCwidHlwZSI6IlJFRlJFU0hfVE9LRU4ifQ.Ks7B_HilW9MS_mVgKYwrSPfHduf7G9vw7gV--aUF3xA', '2022-01-20 14:16:00', 'REFRESH_TOKEN'),
(30, '2021-12-21 07:19:09.555216', '2021-12-21 07:19:09.555216', 4, 'eyJhbGciOiJIUzI1NiIsInR5cCI6IkpXVCJ9.eyJzdWIiOnsiYWNjb3VudElkIjo0LCJjb21wYW55SWQiOiJhaW1lc29mdCJ9LCJpYXQiOjE2NDAwNzExNDksImV4cCI6MTY0MjY2MzE0OSwidHlwZSI6IlJFRlJFU0hfVE9LRU4ifQ.jF-XiHTuYF69MqrsgtfcEGEE1VInpLWp-cG_hSUffcM', '2022-01-20 14:19:09', 'REFRESH_TOKEN'),
(31, '2021-12-21 08:17:53.956398', '2021-12-21 08:17:53.956398', 4, 'eyJhbGciOiJIUzI1NiIsInR5cCI6IkpXVCJ9.eyJzdWIiOnsiYWNjb3VudElkIjo0LCJjb21wYW55SWQiOiJhaW1lc29mdCJ9LCJpYXQiOjE2NDAwNzQ2NzMsImV4cCI6MTY0MjY2NjY3MywidHlwZSI6IlJFRlJFU0hfVE9LRU4ifQ.j2qrVHAmpgnecNv6fsfgHTo1uKtbxrcIOwiVmdqQp5M', '2022-01-20 15:17:53', 'REFRESH_TOKEN'),
(32, '2021-12-21 10:19:50.316347', '2021-12-21 10:19:50.316347', 4, 'eyJhbGciOiJIUzI1NiIsInR5cCI6IkpXVCJ9.eyJzdWIiOnsiYWNjb3VudElkIjo0LCJjb21wYW55SWQiOiJhaW1lc29mdCJ9LCJpYXQiOjE2NDAwODE5OTAsImV4cCI6MTY0MjY3Mzk5MCwidHlwZSI6IlJFRlJFU0hfVE9LRU4ifQ.FQaoK9YsIAcLsfybEvg5aoR08LYRWGchW25GWQP58fM', '2022-01-20 17:19:50', 'REFRESH_TOKEN'),
(33, '2021-12-22 07:52:41.023845', '2021-12-22 07:52:41.023845', 4, 'eyJhbGciOiJIUzI1NiIsInR5cCI6IkpXVCJ9.eyJzdWIiOnsiYWNjb3VudElkIjo0LCJjb21wYW55SWQiOiJhaW1lc29mdCJ9LCJpYXQiOjE2NDAxNTk1NjEsImV4cCI6MTY0Mjc1MTU2MSwidHlwZSI6IlJFRlJFU0hfVE9LRU4ifQ.Ay4Djk1GjbbhibvBMuNcbb4J-SmUTCi6ZXO0uuT1nr0', '2022-01-21 14:52:41', 'REFRESH_TOKEN'),
(34, '2021-12-22 08:05:26.430444', '2021-12-22 08:05:26.430444', 4, 'eyJhbGciOiJIUzI1NiIsInR5cCI6IkpXVCJ9.eyJzdWIiOnsiYWNjb3VudElkIjo0LCJjb21wYW55SWQiOiJhaW1lc29mdCJ9LCJpYXQiOjE2NDAxNjAzMjYsImV4cCI6MTY0Mjc1MjMyNiwidHlwZSI6IlJFRlJFU0hfVE9LRU4ifQ.ak3rYCNPPz6psn1A0BhGNt5VnorAodR9-0BonO7x1AU', '2022-01-21 15:05:26', 'REFRESH_TOKEN'),
(35, '2021-12-22 08:06:49.126730', '2021-12-22 08:06:49.126730', 4, 'eyJhbGciOiJIUzI1NiIsInR5cCI6IkpXVCJ9.eyJzdWIiOnsiYWNjb3VudElkIjo0LCJjb21wYW55SWQiOiJhaW1lc29mdCJ9LCJpYXQiOjE2NDAxNjA0MDksImV4cCI6MTY0Mjc1MjQwOSwidHlwZSI6IlJFRlJFU0hfVE9LRU4ifQ.pX2YLu_En9mc_4xfYvrMOkcqXWKDpQY_B6qfR-CRGzs', '2022-01-21 15:06:49', 'REFRESH_TOKEN'),
(36, '2021-12-22 08:10:45.501786', '2021-12-22 08:10:45.501786', 4, 'eyJhbGciOiJIUzI1NiIsInR5cCI6IkpXVCJ9.eyJzdWIiOnsiYWNjb3VudElkIjo0LCJjb21wYW55SWQiOiJhaW1lc29mdCJ9LCJpYXQiOjE2NDAxNjA2NDUsImV4cCI6MTY0Mjc1MjY0NSwidHlwZSI6IlJFRlJFU0hfVE9LRU4ifQ.DOrKEAEL9oIZzBvvPxmbAgJI-OQUKqpG7Ske3-Ov7Hc', '2022-01-21 15:10:45', 'REFRESH_TOKEN'),
(37, '2021-12-22 08:25:09.848460', '2021-12-22 08:25:09.848460', 4, 'eyJhbGciOiJIUzI1NiIsInR5cCI6IkpXVCJ9.eyJzdWIiOnsiYWNjb3VudElkIjo0LCJjb21wYW55SWQiOiJhaW1lc29mdCJ9LCJpYXQiOjE2NDAxNjE1MDksImV4cCI6MTY0Mjc1MzUwOSwidHlwZSI6IlJFRlJFU0hfVE9LRU4ifQ.AAMinspsSzCJksVIUEVYoHVMCJtxUYl7zEe0hitaShQ', '2022-01-21 15:25:09', 'REFRESH_TOKEN'),
(38, '2021-12-22 08:32:53.654262', '2021-12-22 08:32:53.654262', 4, 'eyJhbGciOiJIUzI1NiIsInR5cCI6IkpXVCJ9.eyJzdWIiOnsiYWNjb3VudElkIjo0LCJjb21wYW55SWQiOiJhaW1lc29mdCJ9LCJpYXQiOjE2NDAxNjE5NzMsImV4cCI6MTY0Mjc1Mzk3MywidHlwZSI6IlJFRlJFU0hfVE9LRU4ifQ.y0gYN737k1TRLjo8amFnunu05KJS5BT1q8NZz8fmryQ', '2022-01-21 15:32:53', 'REFRESH_TOKEN'),
(39, '2021-12-22 08:35:34.716143', '2021-12-22 08:35:34.716143', 4, 'eyJhbGciOiJIUzI1NiIsInR5cCI6IkpXVCJ9.eyJzdWIiOnsiYWNjb3VudElkIjo0LCJjb21wYW55SWQiOiJhaW1lc29mdCJ9LCJpYXQiOjE2NDAxNjIxMzQsImV4cCI6MTY0Mjc1NDEzNCwidHlwZSI6IlJFRlJFU0hfVE9LRU4ifQ.6OxYxfp2BQyVDFDrRdFjDEmV_ldSjpLiqzVTYlnR6cw', '2022-01-21 15:35:34', 'REFRESH_TOKEN'),
(40, '2021-12-22 08:37:58.235620', '2021-12-22 08:37:58.235620', 4, 'eyJhbGciOiJIUzI1NiIsInR5cCI6IkpXVCJ9.eyJzdWIiOnsiYWNjb3VudElkIjo0LCJjb21wYW55SWQiOiJhaW1lc29mdCJ9LCJpYXQiOjE2NDAxNjIyNzgsImV4cCI6MTY0Mjc1NDI3OCwidHlwZSI6IlJFRlJFU0hfVE9LRU4ifQ.OKg7o0dcHxHq9bbYoJlJxe_xhfrWunGATBnp3ZItWqQ', '2022-01-21 15:37:58', 'REFRESH_TOKEN'),
(41, '2021-12-22 08:40:31.178743', '2021-12-22 08:40:31.178743', 4, 'eyJhbGciOiJIUzI1NiIsInR5cCI6IkpXVCJ9.eyJzdWIiOnsiYWNjb3VudElkIjo0LCJjb21wYW55SWQiOiJhaW1lc29mdCJ9LCJpYXQiOjE2NDAxNjI0MzEsImV4cCI6MTY0Mjc1NDQzMSwidHlwZSI6IlJFRlJFU0hfVE9LRU4ifQ.6RjIxWmJNZrvmIzOU8CIgG463SLhwYUcx2LERnyB9Dw', '2022-01-21 15:40:31', 'REFRESH_TOKEN'),
(42, '2021-12-22 08:43:53.854042', '2021-12-22 08:43:53.854042', 4, 'eyJhbGciOiJIUzI1NiIsInR5cCI6IkpXVCJ9.eyJzdWIiOnsiYWNjb3VudElkIjo0LCJjb21wYW55SWQiOiJhaW1lc29mdCJ9LCJpYXQiOjE2NDAxNjI2MzMsImV4cCI6MTY0Mjc1NDYzMywidHlwZSI6IlJFRlJFU0hfVE9LRU4ifQ.G5vHBDimSSjv_njYI_zYPC0EK_kvbi2swsox5ULffMo', '2022-01-21 15:43:53', 'REFRESH_TOKEN'),
(43, '2021-12-22 08:45:38.741401', '2021-12-22 08:45:38.741401', 4, 'eyJhbGciOiJIUzI1NiIsInR5cCI6IkpXVCJ9.eyJzdWIiOnsiYWNjb3VudElkIjo0LCJjb21wYW55SWQiOiJhaW1lc29mdCJ9LCJpYXQiOjE2NDAxNjI3MzgsImV4cCI6MTY0Mjc1NDczOCwidHlwZSI6IlJFRlJFU0hfVE9LRU4ifQ.ex23Uv9FOtEkHKph9_ilHHQWptuavaMIQQL-zWvYNz4', '2022-01-21 15:45:38', 'REFRESH_TOKEN'),
(44, '2021-12-22 08:53:00.112514', '2021-12-22 08:53:00.112514', 4, 'eyJhbGciOiJIUzI1NiIsInR5cCI6IkpXVCJ9.eyJzdWIiOnsiYWNjb3VudElkIjo0LCJjb21wYW55SWQiOiJhaW1lc29mdCJ9LCJpYXQiOjE2NDAxNjMxODAsImV4cCI6MTY0Mjc1NTE4MCwidHlwZSI6IlJFRlJFU0hfVE9LRU4ifQ.EAQYFzvWSqFJJ7JPf5lxIqhU8RLSDSiAjVyvqemVDVo', '2022-01-21 15:53:00', 'REFRESH_TOKEN'),
(45, '2021-12-22 09:06:25.394685', '2021-12-22 09:06:25.394685', 4, 'eyJhbGciOiJIUzI1NiIsInR5cCI6IkpXVCJ9.eyJzdWIiOnsiYWNjb3VudElkIjo0LCJjb21wYW55SWQiOiJhaW1lc29mdCJ9LCJpYXQiOjE2NDAxNjM5ODUsImV4cCI6MTY0Mjc1NTk4NSwidHlwZSI6IlJFRlJFU0hfVE9LRU4ifQ.fuOuliIgBpOlBfBeV3L7zR0_S-x52Fj9Q6KAPElHmKQ', '2022-01-21 16:06:25', 'REFRESH_TOKEN'),
(46, '2021-12-22 09:34:38.676735', '2021-12-22 09:34:38.676735', 4, 'eyJhbGciOiJIUzI1NiIsInR5cCI6IkpXVCJ9.eyJzdWIiOnsiYWNjb3VudElkIjo0LCJjb21wYW55SWQiOiJhaW1lc29mdCJ9LCJpYXQiOjE2NDAxNjU2NzgsImV4cCI6MTY0Mjc1NzY3OCwidHlwZSI6IlJFRlJFU0hfVE9LRU4ifQ.D2pVWKAUpcLOdas7D5OvIoXSozMXzRpDQSUfhgTmVIU', '2022-01-21 16:34:38', 'REFRESH_TOKEN'),
(47, '2021-12-22 10:45:34.629804', '2021-12-22 10:45:34.629804', 4, 'eyJhbGciOiJIUzI1NiIsInR5cCI6IkpXVCJ9.eyJzdWIiOnsiYWNjb3VudElkIjo0LCJjb21wYW55SWQiOiJhaW1lc29mdCJ9LCJpYXQiOjE2NDAxNjk5MzQsImV4cCI6MTY0Mjc2MTkzNCwidHlwZSI6IlJFRlJFU0hfVE9LRU4ifQ.kQrgsOTml3boQgs8Bx7GdI1y9yvry0KMUYAGOT3lS4k', '2022-01-21 17:45:34', 'REFRESH_TOKEN'),
(48, '2021-12-23 09:12:40.201232', '2021-12-23 09:12:40.201232', 4, 'eyJhbGciOiJIUzI1NiIsInR5cCI6IkpXVCJ9.eyJzdWIiOnsiYWNjb3VudElkIjo0LCJjb21wYW55SWQiOiJhaW1lc29mdCJ9LCJpYXQiOjE2NDAyNTA3NjAsImV4cCI6MTY0Mjg0Mjc2MCwidHlwZSI6IlJFRlJFU0hfVE9LRU4ifQ.VH6JcxPyXosRL9vy6g8A6jv9Y_DsLPbOKUbZlUt6Egs', '2022-01-22 16:12:40', 'REFRESH_TOKEN'),
(49, '2021-12-23 09:15:33.413127', '2021-12-23 09:15:33.413127', 4, 'eyJhbGciOiJIUzI1NiIsInR5cCI6IkpXVCJ9.eyJzdWIiOnsiYWNjb3VudElkIjo0LCJjb21wYW55SWQiOiJhaW1lc29mdCJ9LCJpYXQiOjE2NDAyNTA5MzMsImV4cCI6MTY0Mjg0MjkzMywidHlwZSI6IlJFRlJFU0hfVE9LRU4ifQ.UBlHQyG2cXtEe5X_6VD8SMkx5IjmlT70M_I37yf6Hx0', '2022-01-22 16:15:33', 'REFRESH_TOKEN'),
(50, '2021-12-23 10:14:09.362781', '2021-12-23 10:14:09.362781', 4, 'eyJhbGciOiJIUzI1NiIsInR5cCI6IkpXVCJ9.eyJzdWIiOnsiYWNjb3VudElkIjo0LCJjb21wYW55SWQiOiJhaW1lc29mdCJ9LCJpYXQiOjE2NDAyNTQ0NDksImV4cCI6MTY0Mjg0NjQ0OSwidHlwZSI6IlJFRlJFU0hfVE9LRU4ifQ.hG0of2H552-ZuDbitYlfcLMwe2GZB422jh3nVen-vmA', '2022-01-22 17:14:09', 'REFRESH_TOKEN'),
(51, '2021-12-23 10:17:18.802349', '2021-12-23 10:17:18.802349', 4, 'eyJhbGciOiJIUzI1NiIsInR5cCI6IkpXVCJ9.eyJzdWIiOnsiYWNjb3VudElkIjo0LCJjb21wYW55SWQiOiJhaW1lc29mdCJ9LCJpYXQiOjE2NDAyNTQ2MzgsImV4cCI6MTY0Mjg0NjYzOCwidHlwZSI6IlJFRlJFU0hfVE9LRU4ifQ.xbqv24Tb8ve25ld1fKt0xW2NQhhGG4lXy78CEQLaMwk', '2022-01-22 17:17:18', 'REFRESH_TOKEN'),
(52, '2021-12-23 10:47:10.447015', '2021-12-23 10:47:10.447015', 4, 'eyJhbGciOiJIUzI1NiIsInR5cCI6IkpXVCJ9.eyJzdWIiOnsiYWNjb3VudElkIjo0LCJjb21wYW55SWQiOiJhaW1lc29mdCJ9LCJpYXQiOjE2NDAyNTY0MzAsImV4cCI6MTY0Mjg0ODQzMCwidHlwZSI6IlJFRlJFU0hfVE9LRU4ifQ.3gbx6xuvbZFw9yLepYuVOtqqTHvyhP8thKC3qCoDWp0', '2022-01-22 17:47:10', 'REFRESH_TOKEN'),
(53, '2021-12-23 11:00:42.291239', '2021-12-23 11:00:42.291239', 4, 'eyJhbGciOiJIUzI1NiIsInR5cCI6IkpXVCJ9.eyJzdWIiOnsiYWNjb3VudElkIjo0LCJjb21wYW55SWQiOiJhaW1lc29mdCJ9LCJpYXQiOjE2NDAyNTcyNDIsImV4cCI6MTY0Mjg0OTI0MiwidHlwZSI6IlJFRlJFU0hfVE9LRU4ifQ.6dn1Rl3mNCW33hRhXdKCfcAPE7YJgLgsLkxkagJcyaI', '2022-01-22 18:00:42', 'REFRESH_TOKEN'),
(54, '2021-12-27 03:50:00.081945', '2021-12-27 03:50:00.081945', 4, 'eyJhbGciOiJIUzI1NiIsInR5cCI6IkpXVCJ9.eyJzdWIiOnsiYWNjb3VudElkIjo0LCJjb21wYW55SWQiOiJhaW1lc29mdCJ9LCJpYXQiOjE2NDA1NzcwMDAsImV4cCI6MTY0MzE2OTAwMCwidHlwZSI6IlJFRlJFU0hfVE9LRU4ifQ.-lOcW-YXuRizYLtDiq4pOivufDCZDlGCrvDxHxXfhog', '2022-01-26 10:50:00', 'REFRESH_TOKEN'),
(55, '2021-12-27 07:39:54.172071', '2021-12-27 07:39:54.172071', 4, 'eyJhbGciOiJIUzI1NiIsInR5cCI6IkpXVCJ9.eyJzdWIiOnsiYWNjb3VudElkIjo0LCJjb21wYW55SWQiOiJhaW1lc29mdCJ9LCJpYXQiOjE2NDA1OTA3OTQsImV4cCI6MTY0MzE4Mjc5NCwidHlwZSI6IlJFRlJFU0hfVE9LRU4ifQ.ja_KMw1hLFinoDy-HeYlYprbude9lTzfUsm1W_MJJJY', '2022-01-26 14:39:54', 'REFRESH_TOKEN'),
(56, '2021-12-27 09:29:44.526112', '2021-12-27 09:29:44.526112', 4, 'eyJhbGciOiJIUzI1NiIsInR5cCI6IkpXVCJ9.eyJzdWIiOnsiYWNjb3VudElkIjo0LCJjb21wYW55SWQiOiJhaW1lc29mdCJ9LCJpYXQiOjE2NDA1OTczODQsImV4cCI6MTY0MzE4OTM4NCwidHlwZSI6IlJFRlJFU0hfVE9LRU4ifQ.MWHvFmdbJ3K8-FlWmQU6GZTsTO7XnNwwIL_jpN1IMYs', '2022-01-26 16:29:44', 'REFRESH_TOKEN'),
(57, '2021-12-27 09:40:12.043242', '2021-12-27 09:40:12.043242', 4, 'eyJhbGciOiJIUzI1NiIsInR5cCI6IkpXVCJ9.eyJzdWIiOnsiYWNjb3VudElkIjo0LCJjb21wYW55SWQiOiJhaW1lc29mdCJ9LCJpYXQiOjE2NDA1OTgwMTIsImV4cCI6MTY0MzE5MDAxMiwidHlwZSI6IlJFRlJFU0hfVE9LRU4ifQ.XTDGTSPhM4Z8aDymGdTSWIp7lwrsocvS59G8pPtxtlc', '2022-01-26 16:40:12', 'REFRESH_TOKEN'),
(58, '2021-12-27 10:03:44.639877', '2021-12-27 10:03:44.639877', 4, 'eyJhbGciOiJIUzI1NiIsInR5cCI6IkpXVCJ9.eyJzdWIiOnsiYWNjb3VudElkIjo0LCJjb21wYW55SWQiOiJhaW1lc29mdCJ9LCJpYXQiOjE2NDA1OTk0MjQsImV4cCI6MTY0MzE5MTQyNCwidHlwZSI6IlJFRlJFU0hfVE9LRU4ifQ.N4O2fnCuAnOT-ccmIc7Yhh350oX3_jQwLBA1CmIVLwE', '2022-01-26 17:03:44', 'REFRESH_TOKEN'),
(59, '2021-12-28 03:21:19.008815', '2021-12-28 03:21:19.008815', 4, 'eyJhbGciOiJIUzI1NiIsInR5cCI6IkpXVCJ9.eyJzdWIiOnsiYWNjb3VudElkIjo0LCJjb21wYW55SWQiOiJhaW1lc29mdCJ9LCJpYXQiOjE2NDA2NjE2NzksImV4cCI6MTY0MzI1MzY3OSwidHlwZSI6IlJFRlJFU0hfVE9LRU4ifQ.Gx4xy61oiC7t2TBnbckEx3LOaYB-JFzMGTV-HVhl-Js', '2022-01-27 10:21:19', 'REFRESH_TOKEN'),
(60, '2021-12-28 03:29:47.237252', '2021-12-28 03:29:47.237252', 4, 'eyJhbGciOiJIUzI1NiIsInR5cCI6IkpXVCJ9.eyJzdWIiOnsiYWNjb3VudElkIjo0LCJjb21wYW55SWQiOiJhaW1lc29mdCJ9LCJpYXQiOjE2NDA2NjIxODcsImV4cCI6MTY0MzI1NDE4NywidHlwZSI6IlJFRlJFU0hfVE9LRU4ifQ.zrFMaHIIs8kgT61K1EO6rNHJSuhx_3lzY-OFQ7HRAWo', '2022-01-27 10:29:47', 'REFRESH_TOKEN'),
(61, '2021-12-28 03:37:39.083773', '2021-12-28 03:37:39.083773', 4, 'eyJhbGciOiJIUzI1NiIsInR5cCI6IkpXVCJ9.eyJzdWIiOnsiYWNjb3VudElkIjo0LCJjb21wYW55SWQiOiJhaW1lc29mdCJ9LCJpYXQiOjE2NDA2NjI2NTksImV4cCI6MTY0MzI1NDY1OSwidHlwZSI6IlJFRlJFU0hfVE9LRU4ifQ.UgFIcsrYC92akP0EIvHYlTcviUL2B4eAu9nIQ8ZMMKQ', '2022-01-27 10:37:39', 'REFRESH_TOKEN'),
(62, '2021-12-28 05:02:41.252485', '2021-12-28 05:02:41.252485', 4, 'eyJhbGciOiJIUzI1NiIsInR5cCI6IkpXVCJ9.eyJzdWIiOnsiYWNjb3VudElkIjo0LCJjb21wYW55SWQiOiJhaW1lc29mdCJ9LCJpYXQiOjE2NDA2Njc3NjEsImV4cCI6MTY0MzI1OTc2MSwidHlwZSI6IlJFRlJFU0hfVE9LRU4ifQ.NbW7lrVqGWLZLcobeHbyh6k4aYQZNm4MOTcHjHaCvD4', '2022-01-27 12:02:41', 'REFRESH_TOKEN'),
(63, '2021-12-28 05:03:54.796837', '2021-12-28 05:03:54.796837', 4, 'eyJhbGciOiJIUzI1NiIsInR5cCI6IkpXVCJ9.eyJzdWIiOnsiYWNjb3VudElkIjo0LCJjb21wYW55SWQiOiJhaW1lc29mdCJ9LCJpYXQiOjE2NDA2Njc4MzQsImV4cCI6MTY0MzI1OTgzNCwidHlwZSI6IlJFRlJFU0hfVE9LRU4ifQ.SHihIqU_6X8AHgEv7PlC68987QWdXM5Co74xovDm_0M', '2022-01-27 12:03:54', 'REFRESH_TOKEN'),
(64, '2021-12-28 06:29:27.425395', '2021-12-28 06:29:27.425395', 4, 'eyJhbGciOiJIUzI1NiIsInR5cCI6IkpXVCJ9.eyJzdWIiOnsiYWNjb3VudElkIjo0LCJjb21wYW55SWQiOiJhaW1lc29mdCJ9LCJpYXQiOjE2NDA2NzI5NjcsImV4cCI6MTY0MzI2NDk2NywidHlwZSI6IlJFRlJFU0hfVE9LRU4ifQ.PaRwSIJOhiksCTAYdBhw9bqU9VrFvs-9DqfqKL5p5iw', '2022-01-27 13:29:27', 'REFRESH_TOKEN'),
(65, '2021-12-28 06:30:20.538539', '2021-12-28 06:30:20.538539', 4, 'eyJhbGciOiJIUzI1NiIsInR5cCI6IkpXVCJ9.eyJzdWIiOnsiYWNjb3VudElkIjo0LCJjb21wYW55SWQiOiJhaW1lc29mdCJ9LCJpYXQiOjE2NDA2NzMwMjAsImV4cCI6MTY0MzI2NTAyMCwidHlwZSI6IlJFRlJFU0hfVE9LRU4ifQ.Frxv1LsdzzbtSoQDN3EYRjTAdCeHNsT5K5SpXMh9wlM', '2022-01-27 13:30:20', 'REFRESH_TOKEN'),
(66, '2021-12-28 06:31:25.248611', '2021-12-28 06:31:25.248611', 4, 'eyJhbGciOiJIUzI1NiIsInR5cCI6IkpXVCJ9.eyJzdWIiOnsiYWNjb3VudElkIjo0LCJjb21wYW55SWQiOiJhaW1lc29mdCJ9LCJpYXQiOjE2NDA2NzMwODUsImV4cCI6MTY0MzI2NTA4NSwidHlwZSI6IlJFRlJFU0hfVE9LRU4ifQ.SBON6mx16O_gltT9Eev1ZlXJeoI4BzmdbfJIQ4eWyZI', '2022-01-27 13:31:25', 'REFRESH_TOKEN'),
(67, '2021-12-28 07:42:42.868177', '2021-12-28 07:42:42.868177', 4, 'eyJhbGciOiJIUzI1NiIsInR5cCI6IkpXVCJ9.eyJzdWIiOnsiYWNjb3VudElkIjo0LCJjb21wYW55SWQiOiJhaW1lc29mdCJ9LCJpYXQiOjE2NDA2NzczNjIsImV4cCI6MTY0MzI2OTM2MiwidHlwZSI6IlJFRlJFU0hfVE9LRU4ifQ.XYm3MByMKMjR2kQAtB8iC_o_X30IFtg3UTwc19axB1Q', '2022-01-27 14:42:42', 'REFRESH_TOKEN'),
(68, '2021-12-28 07:55:45.617397', '2021-12-28 07:55:45.617397', 4, 'eyJhbGciOiJIUzI1NiIsInR5cCI6IkpXVCJ9.eyJzdWIiOnsiYWNjb3VudElkIjo0LCJjb21wYW55SWQiOiJhaW1lc29mdCJ9LCJpYXQiOjE2NDA2NzgxNDUsImV4cCI6MTY0MzI3MDE0NSwidHlwZSI6IlJFRlJFU0hfVE9LRU4ifQ.TFy-mBiCLse1vf5LfIEfDgP2HTFPJe_fPVZ4DVk4TlQ', '2022-01-27 14:55:45', 'REFRESH_TOKEN'),
(69, '2021-12-28 08:04:40.908026', '2021-12-28 08:04:40.908026', 4, 'eyJhbGciOiJIUzI1NiIsInR5cCI6IkpXVCJ9.eyJzdWIiOnsiYWNjb3VudElkIjo0LCJjb21wYW55SWQiOiJhaW1lc29mdCJ9LCJpYXQiOjE2NDA2Nzg2ODAsImV4cCI6MTY0MzI3MDY4MCwidHlwZSI6IlJFRlJFU0hfVE9LRU4ifQ.jlqHVMH26OnScqKX3mnCqPC1yFac6drcl1YHN6ARM2g', '2022-01-27 15:04:40', 'REFRESH_TOKEN'),
(70, '2021-12-28 08:05:28.511045', '2021-12-28 08:05:28.511045', 4, 'eyJhbGciOiJIUzI1NiIsInR5cCI6IkpXVCJ9.eyJzdWIiOnsiYWNjb3VudElkIjo0LCJjb21wYW55SWQiOiJhaW1lc29mdCJ9LCJpYXQiOjE2NDA2Nzg3MjgsImV4cCI6MTY0MzI3MDcyOCwidHlwZSI6IlJFRlJFU0hfVE9LRU4ifQ.YGMdrSWbz4PQMPbRvmXCrqxNF1invIfRNdE6WMleBMo', '2022-01-27 15:05:28', 'REFRESH_TOKEN'),
(71, '2021-12-28 08:25:23.905422', '2021-12-28 08:25:23.905422', 4, 'eyJhbGciOiJIUzI1NiIsInR5cCI6IkpXVCJ9.eyJzdWIiOnsiYWNjb3VudElkIjo0LCJjb21wYW55SWQiOiJhaW1lc29mdCJ9LCJpYXQiOjE2NDA2Nzk5MjMsImV4cCI6MTY0MzI3MTkyMywidHlwZSI6IlJFRlJFU0hfVE9LRU4ifQ.rt8Ht_YPEIqa2ZwvoUOthjwLb25tuszhfXv0IR-2izU', '2022-01-27 15:25:23', 'REFRESH_TOKEN'),
(72, '2021-12-28 09:23:20.539938', '2021-12-28 09:23:20.539938', 4, 'eyJhbGciOiJIUzI1NiIsInR5cCI6IkpXVCJ9.eyJzdWIiOnsiYWNjb3VudElkIjo0LCJjb21wYW55SWQiOiJhaW1lc29mdCJ9LCJpYXQiOjE2NDA2ODM0MDAsImV4cCI6MTY0MzI3NTQwMCwidHlwZSI6IlJFRlJFU0hfVE9LRU4ifQ.6mwDvOtRs3OsR75lVPmzFQS5QuA28WASYhjOn48uKR8', '2022-01-27 16:23:20', 'REFRESH_TOKEN'),
(73, '2021-12-28 10:51:52.311812', '2021-12-28 10:51:52.311812', 4, 'eyJhbGciOiJIUzI1NiIsInR5cCI6IkpXVCJ9.eyJzdWIiOnsiYWNjb3VudElkIjo0LCJjb21wYW55SWQiOiJhaW1lc29mdCJ9LCJpYXQiOjE2NDA2ODg3MTIsImV4cCI6MTY0MzI4MDcxMiwidHlwZSI6IlJFRlJFU0hfVE9LRU4ifQ.zA20JpKWYPIcg81-wPmtsE14SkytWfY8_4wayjjQE7I', '2022-01-27 17:51:52', 'REFRESH_TOKEN'),
(74, '2021-12-29 06:32:21.325623', '2021-12-29 06:32:21.325623', 4, 'eyJhbGciOiJIUzI1NiIsInR5cCI6IkpXVCJ9.eyJzdWIiOnsiYWNjb3VudElkIjo0LCJjb21wYW55SWQiOiJhaW1lc29mdCJ9LCJpYXQiOjE2NDA3NTk1NDEsImV4cCI6MTY0MzM1MTU0MSwidHlwZSI6IlJFRlJFU0hfVE9LRU4ifQ.cPNCZjh9doJeZClOIdurS29tPFfKHtXOeYPlO0jQpwc', '2022-01-28 13:32:21', 'REFRESH_TOKEN'),
(75, '2021-12-29 06:59:46.365715', '2021-12-29 06:59:46.365715', 4, 'eyJhbGciOiJIUzI1NiIsInR5cCI6IkpXVCJ9.eyJzdWIiOnsiYWNjb3VudElkIjo0LCJjb21wYW55SWQiOiJhaW1lc29mdCJ9LCJpYXQiOjE2NDA3NjExODYsImV4cCI6MTY0MzM1MzE4NiwidHlwZSI6IlJFRlJFU0hfVE9LRU4ifQ.cjduPGn6ycsTJaVyCHueqayv8vAcGDlG6WsJKx8ScPw', '2022-01-28 13:59:46', 'REFRESH_TOKEN'),
(76, '2021-12-29 08:22:19.338968', '2021-12-29 08:22:19.338968', 4, 'eyJhbGciOiJIUzI1NiIsInR5cCI6IkpXVCJ9.eyJzdWIiOnsiYWNjb3VudElkIjo0LCJjb21wYW55SWQiOiJhaW1lc29mdCJ9LCJpYXQiOjE2NDA3NjYxMzksImV4cCI6MTY0MzM1ODEzOSwidHlwZSI6IlJFRlJFU0hfVE9LRU4ifQ.-ola2_2nevdD3kR7KSAv36ERIShCenr0sZ1e65TxZpE', '2022-01-28 15:22:19', 'REFRESH_TOKEN'),
(77, '2021-12-29 08:25:24.980607', '2021-12-29 08:25:24.980607', 4, 'eyJhbGciOiJIUzI1NiIsInR5cCI6IkpXVCJ9.eyJzdWIiOnsiYWNjb3VudElkIjo0LCJjb21wYW55SWQiOiJhaW1lc29mdCJ9LCJpYXQiOjE2NDA3NjYzMjQsImV4cCI6MTY0MzM1ODMyNCwidHlwZSI6IlJFRlJFU0hfVE9LRU4ifQ.u8skB7iuECbNDa3y4VoMrLGOs1hKu9RqL0RHn3OvaKQ', '2022-01-28 15:25:24', 'REFRESH_TOKEN'),
(78, '2021-12-29 08:50:23.647918', '2021-12-29 08:50:23.647918', 4, 'eyJhbGciOiJIUzI1NiIsInR5cCI6IkpXVCJ9.eyJzdWIiOnsiYWNjb3VudElkIjo0LCJjb21wYW55SWQiOiJhaW1lc29mdCJ9LCJpYXQiOjE2NDA3Njc4MjMsImV4cCI6MTY0MzM1OTgyMywidHlwZSI6IlJFRlJFU0hfVE9LRU4ifQ.ULs8eK0088wH4MEoSXy8cuNF3jjxp11pti1tW1it3jI', '2022-01-28 15:50:23', 'REFRESH_TOKEN'),
(79, '2021-12-29 08:51:27.200610', '2021-12-29 08:51:27.200610', 4, 'eyJhbGciOiJIUzI1NiIsInR5cCI6IkpXVCJ9.eyJzdWIiOnsiYWNjb3VudElkIjo0LCJjb21wYW55SWQiOiJhaW1lc29mdCJ9LCJpYXQiOjE2NDA3Njc4ODcsImV4cCI6MTY0MzM1OTg4NywidHlwZSI6IlJFRlJFU0hfVE9LRU4ifQ.Dq-Mmmrt4-IHvojM7IoCklDGqxESjid5kKxxda9rkJw', '2022-01-28 15:51:27', 'REFRESH_TOKEN'),
(80, '2021-12-29 09:06:36.043577', '2021-12-29 09:06:36.043577', 4, 'eyJhbGciOiJIUzI1NiIsInR5cCI6IkpXVCJ9.eyJzdWIiOnsiYWNjb3VudElkIjo0LCJjb21wYW55SWQiOiJhaW1lc29mdCJ9LCJpYXQiOjE2NDA3Njg3OTYsImV4cCI6MTY0MzM2MDc5NiwidHlwZSI6IlJFRlJFU0hfVE9LRU4ifQ.xRu3GFPz7tnbanmgeXi-r-lSFhqZi3YA3_7V_CMD24g', '2022-01-28 16:06:36', 'REFRESH_TOKEN'),
(81, '2021-12-29 09:13:24.383556', '2021-12-29 09:13:24.383556', 4, 'eyJhbGciOiJIUzI1NiIsInR5cCI6IkpXVCJ9.eyJzdWIiOnsiYWNjb3VudElkIjo0LCJjb21wYW55SWQiOiJhaW1lc29mdCJ9LCJpYXQiOjE2NDA3NjkyMDQsImV4cCI6MTY0MzM2MTIwNCwidHlwZSI6IlJFRlJFU0hfVE9LRU4ifQ.SMa4xuUOzYo-OTWTcOC5GYYUGWXNVWBxB3I1tRriIT0', '2022-01-28 16:13:24', 'REFRESH_TOKEN'),
(82, '2021-12-29 09:13:54.288007', '2021-12-29 09:13:54.288007', 4, 'eyJhbGciOiJIUzI1NiIsInR5cCI6IkpXVCJ9.eyJzdWIiOnsiYWNjb3VudElkIjo0LCJjb21wYW55SWQiOiJhaW1lc29mdCJ9LCJpYXQiOjE2NDA3NjkyMzQsImV4cCI6MTY0MzM2MTIzNCwidHlwZSI6IlJFRlJFU0hfVE9LRU4ifQ.3c5xTyPpX90DO7PWHjhmQ5z-07ob9gfOuD0NubU3GwM', '2022-01-28 16:13:54', 'REFRESH_TOKEN'),
(83, '2021-12-29 09:41:57.888634', '2021-12-29 09:41:57.888634', 4, 'eyJhbGciOiJIUzI1NiIsInR5cCI6IkpXVCJ9.eyJzdWIiOnsiYWNjb3VudElkIjo0LCJjb21wYW55SWQiOiJhaW1lc29mdCJ9LCJpYXQiOjE2NDA3NzA5MTcsImV4cCI6MTY0MzM2MjkxNywidHlwZSI6IlJFRlJFU0hfVE9LRU4ifQ.mwE_pYKgmumWCeCpHwOBx6TmX6ylZyTPgge23RrvExY', '2022-01-28 16:41:57', 'REFRESH_TOKEN'),
(84, '2021-12-29 09:45:52.991787', '2021-12-29 09:45:52.991787', 4, 'eyJhbGciOiJIUzI1NiIsInR5cCI6IkpXVCJ9.eyJzdWIiOnsiYWNjb3VudElkIjo0LCJjb21wYW55SWQiOiJhaW1lc29mdCJ9LCJpYXQiOjE2NDA3NzExNTIsImV4cCI6MTY0MzM2MzE1MiwidHlwZSI6IlJFRlJFU0hfVE9LRU4ifQ.8nrT3mnsWwXi0ykkU14T_L8HRBM6hquWM2Zncsm7lmo', '2022-01-28 16:45:52', 'REFRESH_TOKEN'),
(85, '2021-12-29 09:54:39.881648', '2021-12-29 09:54:39.881648', 4, 'eyJhbGciOiJIUzI1NiIsInR5cCI6IkpXVCJ9.eyJzdWIiOnsiYWNjb3VudElkIjo0LCJjb21wYW55SWQiOiJhaW1lc29mdCJ9LCJpYXQiOjE2NDA3NzE2NzksImV4cCI6MTY0MzM2MzY3OSwidHlwZSI6IlJFRlJFU0hfVE9LRU4ifQ.oJNqy11QYi6rFem8n9_N-c30SwIC9NXmDFiswfcrtLM', '2022-01-28 16:54:39', 'REFRESH_TOKEN'),
(86, '2021-12-29 09:55:56.126768', '2021-12-29 09:55:56.126768', 4, 'eyJhbGciOiJIUzI1NiIsInR5cCI6IkpXVCJ9.eyJzdWIiOnsiYWNjb3VudElkIjo0LCJjb21wYW55SWQiOiJhaW1lc29mdCJ9LCJpYXQiOjE2NDA3NzE3NTYsImV4cCI6MTY0MzM2Mzc1NiwidHlwZSI6IlJFRlJFU0hfVE9LRU4ifQ.xD6RGO43KYXoWHxLov1I87WdBz4EwRAUOlANM9X4LVw', '2022-01-28 16:55:56', 'REFRESH_TOKEN'),
(87, '2021-12-30 07:21:14.213201', '2021-12-30 07:21:14.213201', 4, 'eyJhbGciOiJIUzI1NiIsInR5cCI6IkpXVCJ9.eyJzdWIiOnsiYWNjb3VudElkIjo0LCJjb21wYW55SWQiOiJhaW1lc29mdCJ9LCJpYXQiOjE2NDA4NDg4NzQsImV4cCI6MTY0MzQ0MDg3NCwidHlwZSI6IlJFRlJFU0hfVE9LRU4ifQ.4iYqzm-vWYQn5_0QJDzzOvFhCflhR8XAJz7LhPbLMZ4', '2022-01-29 14:21:14', 'REFRESH_TOKEN'),
(88, '2021-12-30 08:13:23.978441', '2021-12-30 08:13:23.978441', 4, 'eyJhbGciOiJIUzI1NiIsInR5cCI6IkpXVCJ9.eyJzdWIiOnsiYWNjb3VudElkIjo0LCJjb21wYW55SWQiOiJhaW1lc29mdCJ9LCJpYXQiOjE2NDA4NTIwMDMsImV4cCI6MTY0MzQ0NDAwMywidHlwZSI6IlJFRlJFU0hfVE9LRU4ifQ.26xTv5LGrEA_J_dCjTw4k3VPfZgo5NXA6nqPbqdpo0E', '2022-01-29 15:13:23', 'REFRESH_TOKEN'),
(89, '2021-12-30 08:25:37.091961', '2021-12-30 08:25:37.091961', 4, 'eyJhbGciOiJIUzI1NiIsInR5cCI6IkpXVCJ9.eyJzdWIiOnsiYWNjb3VudElkIjo0LCJjb21wYW55SWQiOiJhaW1lc29mdCJ9LCJpYXQiOjE2NDA4NTI3MzcsImV4cCI6MTY0MzQ0NDczNywidHlwZSI6IlJFRlJFU0hfVE9LRU4ifQ.Ar0JIpyF1LX_K7L2pYUzEwhrq6IvMnJOBr4tgARf3Eo', '2022-01-29 15:25:37', 'REFRESH_TOKEN'),
(90, '2021-12-30 08:28:54.783255', '2021-12-30 08:28:54.783255', 4, 'eyJhbGciOiJIUzI1NiIsInR5cCI6IkpXVCJ9.eyJzdWIiOnsiYWNjb3VudElkIjo0LCJjb21wYW55SWQiOiJhaW1lc29mdCJ9LCJpYXQiOjE2NDA4NTI5MzQsImV4cCI6MTY0MzQ0NDkzNCwidHlwZSI6IlJFRlJFU0hfVE9LRU4ifQ.O_jp7c6icyEyVVGaE7D3LKbhP7XBeVUCO6CPlWDVLW8', '2022-01-29 15:28:54', 'REFRESH_TOKEN'),
(91, '2021-12-30 08:53:28.310602', '2021-12-30 08:53:28.310602', 4, 'eyJhbGciOiJIUzI1NiIsInR5cCI6IkpXVCJ9.eyJzdWIiOnsiYWNjb3VudElkIjo0LCJjb21wYW55SWQiOiJhaW1lc29mdCJ9LCJpYXQiOjE2NDA4NTQ0MDgsImV4cCI6MTY0MzQ0NjQwOCwidHlwZSI6IlJFRlJFU0hfVE9LRU4ifQ.84ryFN61zvX7hs58zYeGwW8S1dqcvbPJ6IxPP3dF_Nk', '2022-01-29 15:53:28', 'REFRESH_TOKEN'),
(92, '2021-12-30 08:57:27.685829', '2021-12-30 08:57:27.685829', 4, 'eyJhbGciOiJIUzI1NiIsInR5cCI6IkpXVCJ9.eyJzdWIiOnsiYWNjb3VudElkIjo0LCJjb21wYW55SWQiOiJhaW1lc29mdCJ9LCJpYXQiOjE2NDA4NTQ2NDcsImV4cCI6MTY0MzQ0NjY0NywidHlwZSI6IlJFRlJFU0hfVE9LRU4ifQ.6N8bUudvCdgoVa7oNNPEtVE6d7e7yYQfOQYPbD4RLRs', '2022-01-29 15:57:27', 'REFRESH_TOKEN'),
(93, '2021-12-30 09:43:50.741439', '2021-12-30 09:43:50.741439', 4, 'eyJhbGciOiJIUzI1NiIsInR5cCI6IkpXVCJ9.eyJzdWIiOnsiYWNjb3VudElkIjo0LCJjb21wYW55SWQiOiJhaW1lc29mdCJ9LCJpYXQiOjE2NDA4NTc0MzAsImV4cCI6MTY0MzQ0OTQzMCwidHlwZSI6IlJFRlJFU0hfVE9LRU4ifQ.tFQaldSalkaqLipyHkC5QLK-JZOzOU02xSF-sdkELy4', '2022-01-29 16:43:50', 'REFRESH_TOKEN'),
(94, '2021-12-30 09:44:10.633381', '2021-12-30 09:44:10.633381', 4, 'eyJhbGciOiJIUzI1NiIsInR5cCI6IkpXVCJ9.eyJzdWIiOnsiYWNjb3VudElkIjo0LCJjb21wYW55SWQiOiJhaW1lc29mdCJ9LCJpYXQiOjE2NDA4NTc0NTAsImV4cCI6MTY0MzQ0OTQ1MCwidHlwZSI6IlJFRlJFU0hfVE9LRU4ifQ.lbEPYKYfZrju5Wywoa7hhRW2wdYzITJAilNSdkfhSEM', '2022-01-29 16:44:10', 'REFRESH_TOKEN'),
(95, '2021-12-30 09:50:03.002815', '2021-12-30 09:50:03.002815', 4, 'eyJhbGciOiJIUzI1NiIsInR5cCI6IkpXVCJ9.eyJzdWIiOnsiYWNjb3VudElkIjo0LCJjb21wYW55SWQiOiJhaW1lc29mdCJ9LCJpYXQiOjE2NDA4NTc4MDMsImV4cCI6MTY0MzQ0OTgwMywidHlwZSI6IlJFRlJFU0hfVE9LRU4ifQ.P0vt6PoODz138RKRxq8d7oYo4KbI1ZzVt4YgxA_9z5k', '2022-01-29 16:50:03', 'REFRESH_TOKEN'),
(96, '2021-12-30 10:00:45.796759', '2021-12-30 10:00:45.796759', 4, 'eyJhbGciOiJIUzI1NiIsInR5cCI6IkpXVCJ9.eyJzdWIiOnsiYWNjb3VudElkIjo0LCJjb21wYW55SWQiOiJhaW1lc29mdCJ9LCJpYXQiOjE2NDA4NTg0NDUsImV4cCI6MTY0MzQ1MDQ0NSwidHlwZSI6IlJFRlJFU0hfVE9LRU4ifQ.LdbaV76NLxawXE0g4mqh-IHV82i0jZ8HdUx2lt4A0hM', '2022-01-29 17:00:45', 'REFRESH_TOKEN'),
(97, '2021-12-30 10:06:59.766689', '2021-12-30 10:06:59.766689', 4, 'eyJhbGciOiJIUzI1NiIsInR5cCI6IkpXVCJ9.eyJzdWIiOnsiYWNjb3VudElkIjo0LCJjb21wYW55SWQiOiJhaW1lc29mdCJ9LCJpYXQiOjE2NDA4NTg4MTksImV4cCI6MTY0MzQ1MDgxOSwidHlwZSI6IlJFRlJFU0hfVE9LRU4ifQ.iRQdxXXDxJaZkIm7HXx1fIFRG0Ug3bN82RsGnJr0hTA', '2022-01-29 17:06:59', 'REFRESH_TOKEN'),
(98, '2021-12-30 10:55:07.572183', '2021-12-30 10:55:07.572183', 4, 'eyJhbGciOiJIUzI1NiIsInR5cCI6IkpXVCJ9.eyJzdWIiOnsiYWNjb3VudElkIjo0LCJjb21wYW55SWQiOiJhaW1lc29mdCJ9LCJpYXQiOjE2NDA4NjE3MDcsImV4cCI6MTY0MzQ1MzcwNywidHlwZSI6IlJFRlJFU0hfVE9LRU4ifQ._D9jVRSaT7NX71Vfsxf0daMErztEKtXbqZKvkGRHbaw', '2022-01-29 17:55:07', 'REFRESH_TOKEN'),
(99, '2021-12-30 10:59:07.679992', '2021-12-30 10:59:07.679992', 4, 'eyJhbGciOiJIUzI1NiIsInR5cCI6IkpXVCJ9.eyJzdWIiOnsiYWNjb3VudElkIjo0LCJjb21wYW55SWQiOiJhaW1lc29mdCJ9LCJpYXQiOjE2NDA4NjE5NDcsImV4cCI6MTY0MzQ1Mzk0NywidHlwZSI6IlJFRlJFU0hfVE9LRU4ifQ.6j3UDTDGIikrXm10OmfPerNyO6ZauDdwpGcgY3twMoY', '2022-01-29 17:59:07', 'REFRESH_TOKEN'),
(100, '2021-12-31 02:01:58.539089', '2021-12-31 02:01:58.539089', 4, 'eyJhbGciOiJIUzI1NiIsInR5cCI6IkpXVCJ9.eyJzdWIiOnsiYWNjb3VudElkIjo0LCJjb21wYW55SWQiOiJhaW1lc29mdCJ9LCJpYXQiOjE2NDA5MTYxMTgsImV4cCI6MTY0MzUwODExOCwidHlwZSI6IlJFRlJFU0hfVE9LRU4ifQ.EO0UAMxTnClmeBMSiBMrorI9RKwsEhB6vdfpOQ8WIKE', '2022-01-30 09:01:58', 'REFRESH_TOKEN'),
(101, '2021-12-31 03:25:23.111230', '2021-12-31 03:25:23.111230', 4, 'eyJhbGciOiJIUzI1NiIsInR5cCI6IkpXVCJ9.eyJzdWIiOnsiYWNjb3VudElkIjo0LCJjb21wYW55SWQiOiJhaW1lc29mdCJ9LCJpYXQiOjE2NDA5MjExMjMsImV4cCI6MTY0MzUxMzEyMywidHlwZSI6IlJFRlJFU0hfVE9LRU4ifQ.0ktEI8PKZch9o0oOlJz3ucKJ-el37RLtpkak4eZkqWU', '2022-01-30 10:25:23', 'REFRESH_TOKEN'),
(102, '2021-12-31 03:45:11.688112', '2021-12-31 03:45:11.688112', 4, 'eyJhbGciOiJIUzI1NiIsInR5cCI6IkpXVCJ9.eyJzdWIiOnsiYWNjb3VudElkIjo0LCJjb21wYW55SWQiOiJhaW1lc29mdCJ9LCJpYXQiOjE2NDA5MjIzMTEsImV4cCI6MTY0MzUxNDMxMSwidHlwZSI6IlJFRlJFU0hfVE9LRU4ifQ.KR0pK6ShMzfhPfJ3KEOu-5KItiFLAT0W9BMUNM_06Eg', '2022-01-30 10:45:11', 'REFRESH_TOKEN'),
(103, '2021-12-31 04:39:01.850872', '2021-12-31 04:39:01.850872', 4, 'eyJhbGciOiJIUzI1NiIsInR5cCI6IkpXVCJ9.eyJzdWIiOnsiYWNjb3VudElkIjo0LCJjb21wYW55SWQiOiJhaW1lc29mdCJ9LCJpYXQiOjE2NDA5MjU1NDEsImV4cCI6MTY0MzUxNzU0MSwidHlwZSI6IlJFRlJFU0hfVE9LRU4ifQ.LJ4V0zHnkNnLPqxEV-he7xUOuBxfCVq_xG7uiAbJaRg', '2022-01-30 11:39:01', 'REFRESH_TOKEN'),
(104, '2021-12-31 04:40:37.758579', '2021-12-31 04:40:37.758579', 4, 'eyJhbGciOiJIUzI1NiIsInR5cCI6IkpXVCJ9.eyJzdWIiOnsiYWNjb3VudElkIjo0LCJjb21wYW55SWQiOiJhaW1lc29mdCJ9LCJpYXQiOjE2NDA5MjU2MzcsImV4cCI6MTY0MzUxNzYzNywidHlwZSI6IlJFRlJFU0hfVE9LRU4ifQ.qtKnWdb3ZR9YfgaIzacZeYkGI9pGcs-iifEsk_VTbv4', '2022-01-30 11:40:37', 'REFRESH_TOKEN'),
(105, '2021-12-31 04:46:47.878413', '2021-12-31 04:46:47.878413', 4, 'eyJhbGciOiJIUzI1NiIsInR5cCI6IkpXVCJ9.eyJzdWIiOnsiYWNjb3VudElkIjo0LCJjb21wYW55SWQiOiJhaW1lc29mdCJ9LCJpYXQiOjE2NDA5MjYwMDcsImV4cCI6MTY0MzUxODAwNywidHlwZSI6IlJFRlJFU0hfVE9LRU4ifQ.835HuNwqF0hbpwA3xgKWx240hTxgg2GbCidRMaiJebM', '2022-01-30 11:46:47', 'REFRESH_TOKEN'),
(106, '2021-12-31 04:50:18.516625', '2021-12-31 04:50:18.516625', 4, 'eyJhbGciOiJIUzI1NiIsInR5cCI6IkpXVCJ9.eyJzdWIiOnsiYWNjb3VudElkIjo0LCJjb21wYW55SWQiOiJhaW1lc29mdCJ9LCJpYXQiOjE2NDA5MjYyMTgsImV4cCI6MTY0MzUxODIxOCwidHlwZSI6IlJFRlJFU0hfVE9LRU4ifQ.qNwJtaegMyZza5KWYvTwdku1N0kFYwxZxztglz7XTHY', '2022-01-30 11:50:18', 'REFRESH_TOKEN'),
(107, '2021-12-31 04:52:05.922274', '2021-12-31 04:52:05.922274', 4, 'eyJhbGciOiJIUzI1NiIsInR5cCI6IkpXVCJ9.eyJzdWIiOnsiYWNjb3VudElkIjo0LCJjb21wYW55SWQiOiJhaW1lc29mdCJ9LCJpYXQiOjE2NDA5MjYzMjUsImV4cCI6MTY0MzUxODMyNSwidHlwZSI6IlJFRlJFU0hfVE9LRU4ifQ.b_9EOlq8SyhdaDlO2qiSzacOfhA5TxOhyu44tWLHUm8', '2022-01-30 11:52:05', 'REFRESH_TOKEN'),
(108, '2021-12-31 04:53:18.902885', '2021-12-31 04:53:18.902885', 4, 'eyJhbGciOiJIUzI1NiIsInR5cCI6IkpXVCJ9.eyJzdWIiOnsiYWNjb3VudElkIjo0LCJjb21wYW55SWQiOiJhaW1lc29mdCJ9LCJpYXQiOjE2NDA5MjYzOTgsImV4cCI6MTY0MzUxODM5OCwidHlwZSI6IlJFRlJFU0hfVE9LRU4ifQ.5fqNPPfVz6z4xxmykyrHeHXM1qfV_P8InrumUffaS68', '2022-01-30 11:53:18', 'REFRESH_TOKEN'),
(109, '2021-12-31 05:03:53.179082', '2021-12-31 05:03:53.179082', 4, 'eyJhbGciOiJIUzI1NiIsInR5cCI6IkpXVCJ9.eyJzdWIiOnsiYWNjb3VudElkIjo0LCJjb21wYW55SWQiOiJhaW1lc29mdCJ9LCJpYXQiOjE2NDA5MjcwMzMsImV4cCI6MTY0MzUxOTAzMywidHlwZSI6IlJFRlJFU0hfVE9LRU4ifQ.V9KdK0CgIEJi_C4JkwzzS-ICe2I-Y4PyBe3d_v6Br5o', '2022-01-30 12:03:53', 'REFRESH_TOKEN'),
(110, '2021-12-31 05:07:20.061976', '2021-12-31 05:07:20.061976', 4, 'eyJhbGciOiJIUzI1NiIsInR5cCI6IkpXVCJ9.eyJzdWIiOnsiYWNjb3VudElkIjo0LCJjb21wYW55SWQiOiJhaW1lc29mdCJ9LCJpYXQiOjE2NDA5MjcyNDAsImV4cCI6MTY0MzUxOTI0MCwidHlwZSI6IlJFRlJFU0hfVE9LRU4ifQ.jT-rTNxtPDr_u--boBKCu3keaBJxsyqW03s8AFQq40o', '2022-01-30 12:07:20', 'REFRESH_TOKEN'),
(111, '2021-12-31 08:24:21.000728', '2021-12-31 08:24:21.000728', 4, 'eyJhbGciOiJIUzI1NiIsInR5cCI6IkpXVCJ9.eyJzdWIiOnsiYWNjb3VudElkIjo0LCJjb21wYW55SWQiOiJhaW1lc29mdCJ9LCJpYXQiOjE2NDA5MzkwNjAsImV4cCI6MTY0MzUzMTA2MCwidHlwZSI6IlJFRlJFU0hfVE9LRU4ifQ.jhWv9Hjqky7CkdDKpISUTUaTqOeXBAgIaEJwKq7LQ2U', '2022-01-30 15:24:20', 'REFRESH_TOKEN'),
(112, '2021-12-31 09:44:12.725475', '2021-12-31 09:44:12.725475', 4, 'eyJhbGciOiJIUzI1NiIsInR5cCI6IkpXVCJ9.eyJzdWIiOnsiYWNjb3VudElkIjo0LCJjb21wYW55SWQiOiJhaW1lc29mdCJ9LCJpYXQiOjE2NDA5NDM4NTIsImV4cCI6MTY0MzUzNTg1MiwidHlwZSI6IlJFRlJFU0hfVE9LRU4ifQ.GoCZ2cl5plXHKGtkBFnnkbwFLa_00pmu_kPIIBbssKU', '2022-01-30 16:44:12', 'REFRESH_TOKEN'),
(113, '2022-01-04 02:05:10.426712', '2022-01-04 02:05:10.426712', 4, 'eyJhbGciOiJIUzI1NiIsInR5cCI6IkpXVCJ9.eyJzdWIiOnsiYWNjb3VudElkIjo0LCJjb21wYW55SWQiOiJhaW1lc29mdCJ9LCJpYXQiOjE2NDEyNjE5MTAsImV4cCI6MTY0Mzg1MzkxMCwidHlwZSI6IlJFRlJFU0hfVE9LRU4ifQ.YLUMO4thms9P40UN_aYG1defMz0fYe87gUfe74xpBMI', '2022-02-03 09:05:10', 'REFRESH_TOKEN'),
(114, '2022-01-04 03:30:02.700514', '2022-01-04 03:30:02.700514', 4, 'eyJhbGciOiJIUzI1NiIsInR5cCI6IkpXVCJ9.eyJzdWIiOnsiYWNjb3VudElkIjo0LCJjb21wYW55SWQiOiJhaW1lc29mdCJ9LCJpYXQiOjE2NDEyNjcwMDIsImV4cCI6MTY0Mzg1OTAwMiwidHlwZSI6IlJFRlJFU0hfVE9LRU4ifQ.a-gHShJlx-YDBdfuGOWEIuiFVJMr210PQLiaNkZPkbs', '2022-02-03 10:30:02', 'REFRESH_TOKEN'),
(115, '2022-01-04 03:30:41.457860', '2022-01-04 03:30:41.457860', 4, 'eyJhbGciOiJIUzI1NiIsInR5cCI6IkpXVCJ9.eyJzdWIiOnsiYWNjb3VudElkIjo0LCJjb21wYW55SWQiOiJhaW1lc29mdCJ9LCJpYXQiOjE2NDEyNjcwNDEsImV4cCI6MTY0Mzg1OTA0MSwidHlwZSI6IlJFRlJFU0hfVE9LRU4ifQ.0MXTICQjjUbx6WbDtHQ4KDiU04Cck2ys4kgo1AdRXIY', '2022-02-03 10:30:41', 'REFRESH_TOKEN'),
(116, '2022-01-04 04:50:41.740132', '2022-01-04 04:50:41.740132', 4, 'eyJhbGciOiJIUzI1NiIsInR5cCI6IkpXVCJ9.eyJzdWIiOnsiYWNjb3VudElkIjo0LCJjb21wYW55SWQiOiJhaW1lc29mdCJ9LCJpYXQiOjE2NDEyNzE4NDEsImV4cCI6MTY0Mzg2Mzg0MSwidHlwZSI6IlJFRlJFU0hfVE9LRU4ifQ.9aLac4fT_9Zh0U_xL4r-EshBS8eE8dkAEd3VcoHO1FQ', '2022-02-03 11:50:41', 'REFRESH_TOKEN'),
(117, '2022-01-06 08:12:05.492510', '2022-01-06 08:12:05.492510', 4, 'eyJhbGciOiJIUzI1NiIsInR5cCI6IkpXVCJ9.eyJzdWIiOnsiYWNjb3VudElkIjo0LCJjb21wYW55SWQiOiJhaW1lc29mdCJ9LCJpYXQiOjE2NDE0NTY3MjUsImV4cCI6MTY0NDA0ODcyNSwidHlwZSI6IlJFRlJFU0hfVE9LRU4ifQ.p6xqEnEjxMAYAUeK2z3r4H7JqaklBiFi-lKas6tXPwk', '2022-02-05 15:12:05', 'REFRESH_TOKEN'),
(118, '2022-01-06 08:12:44.483795', '2022-01-06 08:12:44.483795', 4, 'eyJhbGciOiJIUzI1NiIsInR5cCI6IkpXVCJ9.eyJzdWIiOnsiYWNjb3VudElkIjo0LCJjb21wYW55SWQiOiJhaW1lc29mdCJ9LCJpYXQiOjE2NDE0NTY3NjQsImV4cCI6MTY0NDA0ODc2NCwidHlwZSI6IlJFRlJFU0hfVE9LRU4ifQ.pPSS5MnWx5GLvYpMAV5GjjxGDpKPhzByDZAtigyw0es', '2022-02-05 15:12:44', 'REFRESH_TOKEN'),
(119, '2022-01-06 08:25:09.595906', '2022-01-06 08:25:09.595906', 4, 'eyJhbGciOiJIUzI1NiIsInR5cCI6IkpXVCJ9.eyJzdWIiOnsiYWNjb3VudElkIjo0LCJjb21wYW55SWQiOiJhaW1lc29mdCJ9LCJpYXQiOjE2NDE0NTc1MDksImV4cCI6MTY0NDA0OTUwOSwidHlwZSI6IlJFRlJFU0hfVE9LRU4ifQ.We5BQF4RpyFe3lGxbatySkP0wFa04S-uxOOseba2XFE', '2022-02-05 15:25:09', 'REFRESH_TOKEN'),
(120, '2022-01-06 08:30:46.880741', '2022-01-06 08:30:46.880741', 4, 'eyJhbGciOiJIUzI1NiIsInR5cCI6IkpXVCJ9.eyJzdWIiOnsiYWNjb3VudElkIjo0LCJjb21wYW55SWQiOiJhaW1lc29mdCJ9LCJpYXQiOjE2NDE0NTc4NDYsImV4cCI6MTY0NDA0OTg0NiwidHlwZSI6IlJFRlJFU0hfVE9LRU4ifQ.AZKIM86h78caHnLm7UXnexbmCtar4yfLO6OnGBCWUj4', '2022-02-05 15:30:46', 'REFRESH_TOKEN'),
(121, '2022-01-06 08:31:10.058014', '2022-01-06 08:31:10.058014', 4, 'eyJhbGciOiJIUzI1NiIsInR5cCI6IkpXVCJ9.eyJzdWIiOnsiYWNjb3VudElkIjo0LCJjb21wYW55SWQiOiJhaW1lc29mdCJ9LCJpYXQiOjE2NDE0NTc4NzAsImV4cCI6MTY0NDA0OTg3MCwidHlwZSI6IlJFRlJFU0hfVE9LRU4ifQ.IYRVrMIaC8RiB-Ko2JDYFRUacXOBYRMKnhWpVZtBBP4', '2022-02-05 15:31:10', 'REFRESH_TOKEN'),
(122, '2022-01-06 08:54:10.719311', '2022-01-06 08:54:10.719311', 4, 'eyJhbGciOiJIUzI1NiIsInR5cCI6IkpXVCJ9.eyJzdWIiOnsiYWNjb3VudElkIjo0LCJjb21wYW55SWQiOiJhaW1lc29mdCJ9LCJpYXQiOjE2NDE0NTkyNTAsImV4cCI6MTY0NDA1MTI1MCwidHlwZSI6IlJFRlJFU0hfVE9LRU4ifQ.je-KnBF1dXJUjulzj37_iw1XGieGlkmFEmkZ9FvjDGU', '2022-02-05 15:54:10', 'REFRESH_TOKEN'),
(123, '2022-01-06 09:26:01.887138', '2022-01-06 09:26:01.887138', 4, 'eyJhbGciOiJIUzI1NiIsInR5cCI6IkpXVCJ9.eyJzdWIiOnsiYWNjb3VudElkIjo0LCJjb21wYW55SWQiOiJhaW1lc29mdCJ9LCJpYXQiOjE2NDE0NjExNjEsImV4cCI6MTY0NDA1MzE2MSwidHlwZSI6IlJFRlJFU0hfVE9LRU4ifQ.y8nZH5gw5PHLlctIQCyJUT1yF2RcR5_k5LEZFeLb7pc', '2022-02-05 16:26:01', 'REFRESH_TOKEN'),
(124, '2022-01-06 09:27:07.504214', '2022-01-06 09:27:07.504214', 4, 'eyJhbGciOiJIUzI1NiIsInR5cCI6IkpXVCJ9.eyJzdWIiOnsiYWNjb3VudElkIjo0LCJjb21wYW55SWQiOiJhaW1lc29mdCJ9LCJpYXQiOjE2NDE0NjEyMjcsImV4cCI6MTY0NDA1MzIyNywidHlwZSI6IlJFRlJFU0hfVE9LRU4ifQ.vPT_8vHdJ2BkRvtZNIFPhFqB7ICnaTB_yLyPp98YWyQ', '2022-02-05 16:27:07', 'REFRESH_TOKEN'),
(125, '2022-01-06 10:03:56.203427', '2022-01-06 10:03:56.203427', 4, 'eyJhbGciOiJIUzI1NiIsInR5cCI6IkpXVCJ9.eyJzdWIiOnsiYWNjb3VudElkIjo0LCJjb21wYW55SWQiOiJhaW1lc29mdCJ9LCJpYXQiOjE2NDE0NjM0MzYsImV4cCI6MTY0NDA1NTQzNiwidHlwZSI6IlJFRlJFU0hfVE9LRU4ifQ.k20v6RDoHHPrCzCf0sx2_n8NKFk4zPbHZ78C6Tv8zcg', '2022-02-05 17:03:56', 'REFRESH_TOKEN'),
(126, '2022-01-06 10:14:08.959988', '2022-01-06 10:14:08.959988', 4, 'eyJhbGciOiJIUzI1NiIsInR5cCI6IkpXVCJ9.eyJzdWIiOnsiYWNjb3VudElkIjo0LCJjb21wYW55SWQiOiJhaW1lc29mdCJ9LCJpYXQiOjE2NDE0NjQwNDgsImV4cCI6MTY0NDA1NjA0OCwidHlwZSI6IlJFRlJFU0hfVE9LRU4ifQ.5OXfOfm55X3r2veoiXBrbvsh-NpmG1o0eCAUG-H4Z4U', '2022-02-05 17:14:08', 'REFRESH_TOKEN'),
(127, '2022-01-06 10:21:05.319543', '2022-01-06 10:21:05.319543', 4, 'eyJhbGciOiJIUzI1NiIsInR5cCI6IkpXVCJ9.eyJzdWIiOnsiYWNjb3VudElkIjo0LCJjb21wYW55SWQiOiJhaW1lc29mdCJ9LCJpYXQiOjE2NDE0NjQ0NjUsImV4cCI6MTY0NDA1NjQ2NSwidHlwZSI6IlJFRlJFU0hfVE9LRU4ifQ.QD-wht03JxcxlzYD0Ub3XGhGwMBo0lyDpVIlZCq8JwY', '2022-02-05 17:21:05', 'REFRESH_TOKEN'),
(128, '2022-01-07 02:42:51.048730', '2022-01-07 02:42:51.048730', 4, 'eyJhbGciOiJIUzI1NiIsInR5cCI6IkpXVCJ9.eyJzdWIiOnsiYWNjb3VudElkIjo0LCJjb21wYW55SWQiOiJhaW1lc29mdCJ9LCJpYXQiOjE2NDE1MjMzNzEsImV4cCI6MTY0NDExNTM3MSwidHlwZSI6IlJFRlJFU0hfVE9LRU4ifQ.mX8KBD_xmr1jYh2avpJarTGXYFv5dhm1WFcQXGCukAI', '2022-02-06 09:42:51', 'REFRESH_TOKEN'),
(129, '2022-01-07 06:55:06.287835', '2022-01-07 06:55:06.287835', 4, 'eyJhbGciOiJIUzI1NiIsInR5cCI6IkpXVCJ9.eyJzdWIiOnsiYWNjb3VudElkIjo0LCJjb21wYW55SWQiOiJhaW1lc29mdCJ9LCJpYXQiOjE2NDE1Mzg1MDYsImV4cCI6MTY0NDEzMDUwNiwidHlwZSI6IlJFRlJFU0hfVE9LRU4ifQ.e5S5w_c1rvBR2oj2RH_jttIOkcao8n_IC7jGv9U4C30', '2022-02-06 13:55:06', 'REFRESH_TOKEN'),
(130, '2022-01-07 07:19:28.672204', '2022-01-07 07:19:28.672204', 4, 'eyJhbGciOiJIUzI1NiIsInR5cCI6IkpXVCJ9.eyJzdWIiOnsiYWNjb3VudElkIjo0LCJjb21wYW55SWQiOiJhaW1lc29mdCJ9LCJpYXQiOjE2NDE1Mzk5NjgsImV4cCI6MTY0NDEzMTk2OCwidHlwZSI6IlJFRlJFU0hfVE9LRU4ifQ.sA_iAF6wNnbQpY-xNGOnfEXGDrHdQzsv3rYAoBNzEXs', '2022-02-06 14:19:28', 'REFRESH_TOKEN'),
(131, '2022-01-10 02:14:14.216464', '2022-01-10 02:14:14.216464', 4, 'eyJhbGciOiJIUzI1NiIsInR5cCI6IkpXVCJ9.eyJzdWIiOnsiYWNjb3VudElkIjo0LCJjb21wYW55SWQiOiJhaW1lc29mdCJ9LCJpYXQiOjE2NDE3ODA4NTQsImV4cCI6MTY0NDM3Mjg1NCwidHlwZSI6IlJFRlJFU0hfVE9LRU4ifQ.r7TMSEns8VtAxOY4m6IhEDV_DWnIG_qmGu98NpVJQn8', '2022-02-09 09:14:14', 'REFRESH_TOKEN'),
(132, '2022-01-10 03:48:19.306680', '2022-01-10 03:48:19.306680', 4, 'eyJhbGciOiJIUzI1NiIsInR5cCI6IkpXVCJ9.eyJzdWIiOnsiYWNjb3VudElkIjo0LCJjb21wYW55SWQiOiJhaW1lc29mdCJ9LCJpYXQiOjE2NDE3ODY0OTksImV4cCI6MTY0NDM3ODQ5OSwidHlwZSI6IlJFRlJFU0hfVE9LRU4ifQ.YN7-miOOZwh_iLb-ypDJV-Cx5gIuEB-GyyeO9zhILAA', '2022-02-09 10:48:19', 'REFRESH_TOKEN'),
(133, '2022-01-10 03:58:13.030518', '2022-01-10 03:58:13.030518', 4, 'eyJhbGciOiJIUzI1NiIsInR5cCI6IkpXVCJ9.eyJzdWIiOnsiYWNjb3VudElkIjo0LCJjb21wYW55SWQiOiJhaW1lc29mdCJ9LCJpYXQiOjE2NDE3ODcwOTMsImV4cCI6MTY0NDM3OTA5MywidHlwZSI6IlJFRlJFU0hfVE9LRU4ifQ.6MdHKPIaoIv_LA6HOkNY6MwT1DO1eB2xHXvZ08JyvgE', '2022-02-09 10:58:13', 'REFRESH_TOKEN'),
(134, '2022-01-10 08:38:56.265788', '2022-01-10 08:38:56.265788', 4, 'eyJhbGciOiJIUzI1NiIsInR5cCI6IkpXVCJ9.eyJzdWIiOnsiYWNjb3VudElkIjo0LCJjb21wYW55SWQiOiJhaW1lc29mdCJ9LCJpYXQiOjE2NDE4MDM5MzYsImV4cCI6MTY0NDM5NTkzNiwidHlwZSI6IlJFRlJFU0hfVE9LRU4ifQ.7K51qLGg-3tRpMlQrniQ4_QqKA8h3JzNf59OBnFOuYo', '2022-02-09 15:38:56', 'REFRESH_TOKEN'),
(135, '2022-01-10 10:43:06.050609', '2022-01-10 10:43:06.050609', 4, 'eyJhbGciOiJIUzI1NiIsInR5cCI6IkpXVCJ9.eyJzdWIiOnsiYWNjb3VudElkIjo0LCJjb21wYW55SWQiOiJhaW1lc29mdCJ9LCJpYXQiOjE2NDE4MTEzODYsImV4cCI6MTY0NDQwMzM4NiwidHlwZSI6IlJFRlJFU0hfVE9LRU4ifQ.6lRkMv3VLa5La-R3pxJHDppOB6IBRojEMT0ps0R2KAQ', '2022-02-09 17:43:06', 'REFRESH_TOKEN'),
(136, '2022-01-10 10:43:14.428760', '2022-01-10 10:43:14.428760', 4, 'eyJhbGciOiJIUzI1NiIsInR5cCI6IkpXVCJ9.eyJzdWIiOnsiYWNjb3VudElkIjo0LCJjb21wYW55SWQiOiJhaW1lc29mdCJ9LCJpYXQiOjE2NDE4MTEzOTQsImV4cCI6MTY0NDQwMzM5NCwidHlwZSI6IlJFRlJFU0hfVE9LRU4ifQ.oDrX75n6eUU64HsANDftDwce6h05RycBR7GyChS60KI', '2022-02-09 17:43:14', 'REFRESH_TOKEN'),
(137, '2022-01-11 01:48:17.370818', '2022-01-11 01:48:17.370818', 4, 'eyJhbGciOiJIUzI1NiIsInR5cCI6IkpXVCJ9.eyJzdWIiOnsiYWNjb3VudElkIjo0LCJjb21wYW55SWQiOiJhaW1lc29mdCJ9LCJpYXQiOjE2NDE4NjU2OTcsImV4cCI6MTY0NDQ1NzY5NywidHlwZSI6IlJFRlJFU0hfVE9LRU4ifQ.hw8r7sQeufMWpJVdeCnLHFDw1Sx68Sbf2p1raYgUS8U', '2022-02-10 08:48:17', 'REFRESH_TOKEN'),
(138, '2022-01-11 01:56:14.014906', '2022-01-11 01:56:14.014906', 4, 'eyJhbGciOiJIUzI1NiIsInR5cCI6IkpXVCJ9.eyJzdWIiOnsiYWNjb3VudElkIjo0LCJjb21wYW55SWQiOiJhaW1lc29mdCJ9LCJpYXQiOjE2NDE4NjYxNzQsImV4cCI6MTY0NDQ1ODE3NCwidHlwZSI6IlJFRlJFU0hfVE9LRU4ifQ.xQa6MxMIO9CyTCqclhV8BCytPkQabBXKXFRgVTYVomw', '2022-02-10 08:56:14', 'REFRESH_TOKEN'),
(139, '2022-01-11 04:35:49.388149', '2022-01-11 04:35:49.388149', 4, 'eyJhbGciOiJIUzI1NiIsInR5cCI6IkpXVCJ9.eyJzdWIiOnsiYWNjb3VudElkIjo0LCJjb21wYW55SWQiOiJhaW1lc29mdCJ9LCJpYXQiOjE2NDE4NzU3NDksImV4cCI6MTY0NDQ2Nzc0OSwidHlwZSI6IlJFRlJFU0hfVE9LRU4ifQ.lYyDMxv7sJC_dEyuErqW-LdPacg8bCbQOId5eyulFWk', '2022-02-10 11:35:49', 'REFRESH_TOKEN'),
(140, '2022-01-11 04:44:55.447674', '2022-01-11 04:44:55.447674', 4, 'eyJhbGciOiJIUzI1NiIsInR5cCI6IkpXVCJ9.eyJzdWIiOnsiYWNjb3VudElkIjo0LCJjb21wYW55SWQiOiJhaW1lc29mdCJ9LCJpYXQiOjE2NDE4NzYyOTUsImV4cCI6MTY0NDQ2ODI5NSwidHlwZSI6IlJFRlJFU0hfVE9LRU4ifQ.XbeRmCiMQgpjOPWCD_IVLQNP2GCT_KOg3TwpxdSNJB4', '2022-02-10 11:44:55', 'REFRESH_TOKEN'),
(141, '2022-01-12 01:52:02.901596', '2022-01-12 01:52:02.901596', 4, 'eyJhbGciOiJIUzI1NiIsInR5cCI6IkpXVCJ9.eyJzdWIiOnsiYWNjb3VudElkIjo0LCJjb21wYW55SWQiOiJhaW1lc29mdCJ9LCJpYXQiOjE2NDE5NTIzMjIsImV4cCI6MTY0NDU0NDMyMiwidHlwZSI6IlJFRlJFU0hfVE9LRU4ifQ.XLgeA4SfttqCLhuhhitU8Vb9CYzBk9eTBlFuBrlQHaw', '2022-02-11 08:52:02', 'REFRESH_TOKEN'),
(142, '2022-01-12 06:39:12.679505', '2022-01-12 06:39:12.679505', 4, 'eyJhbGciOiJIUzI1NiIsInR5cCI6IkpXVCJ9.eyJzdWIiOnsiYWNjb3VudElkIjo0LCJjb21wYW55SWQiOiJhaW1lc29mdCJ9LCJpYXQiOjE2NDE5Njk1NTIsImV4cCI6MTY0NDU2MTU1MiwidHlwZSI6IlJFRlJFU0hfVE9LRU4ifQ.imEwp2mObuHOkEixauxAvzTMIERw_VnBOWmhkuq3awA', '2022-02-11 13:39:12', 'REFRESH_TOKEN'),
(143, '2022-01-12 06:46:11.278494', '2022-01-12 06:46:11.278494', 4, 'eyJhbGciOiJIUzI1NiIsInR5cCI6IkpXVCJ9.eyJzdWIiOnsiYWNjb3VudElkIjo0LCJjb21wYW55SWQiOiJhaW1lc29mdCJ9LCJpYXQiOjE2NDE5Njk5NzEsImV4cCI6MTY0NDU2MTk3MSwidHlwZSI6IlJFRlJFU0hfVE9LRU4ifQ.--ypRmFA_z26-BB0zP7YBIWtQz3hO6SIaV2T_RgNoTA', '2022-02-11 13:46:11', 'REFRESH_TOKEN'),
(144, '2022-01-12 07:01:58.023666', '2022-01-12 07:01:58.023666', 4, 'eyJhbGciOiJIUzI1NiIsInR5cCI6IkpXVCJ9.eyJzdWIiOnsiYWNjb3VudElkIjo0LCJjb21wYW55SWQiOiJhaW1lc29mdCJ9LCJpYXQiOjE2NDE5NzA5MTgsImV4cCI6MTY0NDU2MjkxOCwidHlwZSI6IlJFRlJFU0hfVE9LRU4ifQ.56w4n7piJsMbdNvWUIRqa8ZBCiPuUs74AAmVS69eMxM', '2022-02-11 14:01:58', 'REFRESH_TOKEN'),
(145, '2022-01-12 07:03:21.419015', '2022-01-12 07:03:21.419015', 4, 'eyJhbGciOiJIUzI1NiIsInR5cCI6IkpXVCJ9.eyJzdWIiOnsiYWNjb3VudElkIjo0LCJjb21wYW55SWQiOiJhaW1lc29mdCJ9LCJpYXQiOjE2NDE5NzEwMDEsImV4cCI6MTY0NDU2MzAwMSwidHlwZSI6IlJFRlJFU0hfVE9LRU4ifQ.bGthxaIfTa-b8YQKEtMLhn9s8hChYc2FVYFRTsBAX74', '2022-02-11 14:03:21', 'REFRESH_TOKEN'),
(146, '2022-01-12 07:06:54.918577', '2022-01-12 07:06:54.918577', 4, 'eyJhbGciOiJIUzI1NiIsInR5cCI6IkpXVCJ9.eyJzdWIiOnsiYWNjb3VudElkIjo0LCJjb21wYW55SWQiOiJhaW1lc29mdCJ9LCJpYXQiOjE2NDE5NzEyMTQsImV4cCI6MTY0NDU2MzIxNCwidHlwZSI6IlJFRlJFU0hfVE9LRU4ifQ.7GhcvYhJ03T9bW1idZ4RclRzRNLSej7KJAkJSgiabq4', '2022-02-11 14:06:54', 'REFRESH_TOKEN'),
(147, '2022-01-12 07:11:12.660373', '2022-01-12 07:11:12.660373', 4, 'eyJhbGciOiJIUzI1NiIsInR5cCI6IkpXVCJ9.eyJzdWIiOnsiYWNjb3VudElkIjo0LCJjb21wYW55SWQiOiJhaW1lc29mdCJ9LCJpYXQiOjE2NDE5NzE0NzIsImV4cCI6MTY0NDU2MzQ3MiwidHlwZSI6IlJFRlJFU0hfVE9LRU4ifQ.DkTJNzIV3mgeFn4hRh-_XLVBbhlj0ftsKPX7io4Plkc', '2022-02-11 14:11:12', 'REFRESH_TOKEN'),
(148, '2022-01-12 07:25:14.428732', '2022-01-12 07:25:14.428732', 4, 'eyJhbGciOiJIUzI1NiIsInR5cCI6IkpXVCJ9.eyJzdWIiOnsiYWNjb3VudElkIjo0LCJjb21wYW55SWQiOiJhaW1lc29mdCJ9LCJpYXQiOjE2NDE5NzIzMTQsImV4cCI6MTY0NDU2NDMxNCwidHlwZSI6IlJFRlJFU0hfVE9LRU4ifQ.mSEr2fSdoX6KiZRJcN6-LiVnBJmPYNnb1QtsxXVKU6o', '2022-02-11 14:25:14', 'REFRESH_TOKEN'),
(149, '2022-01-12 07:36:48.362952', '2022-01-12 07:36:48.362952', 4, 'eyJhbGciOiJIUzI1NiIsInR5cCI6IkpXVCJ9.eyJzdWIiOnsiYWNjb3VudElkIjo0LCJjb21wYW55SWQiOiJhaW1lc29mdCJ9LCJpYXQiOjE2NDE5NzMwMDgsImV4cCI6MTY0NDU2NTAwOCwidHlwZSI6IlJFRlJFU0hfVE9LRU4ifQ.bWspjSWvLsIzg09OiUOQL2PLjrWP3TH_q3YWnM-tJ-8', '2022-02-11 14:36:48', 'REFRESH_TOKEN'),
(150, '2022-01-12 08:03:46.843366', '2022-01-12 08:03:46.843366', 4, 'eyJhbGciOiJIUzI1NiIsInR5cCI6IkpXVCJ9.eyJzdWIiOnsiYWNjb3VudElkIjo0LCJjb21wYW55SWQiOiJhaW1lc29mdCJ9LCJpYXQiOjE2NDE5NzQ2MjYsImV4cCI6MTY0NDU2NjYyNiwidHlwZSI6IlJFRlJFU0hfVE9LRU4ifQ.P5uQ7Hkgc8FylwBgVn0iApfNFo_coNc5qP1FIsyoyKE', '2022-02-11 15:03:46', 'REFRESH_TOKEN'),
(151, '2022-01-12 08:05:07.139336', '2022-01-12 08:05:07.139336', 4, 'eyJhbGciOiJIUzI1NiIsInR5cCI6IkpXVCJ9.eyJzdWIiOnsiYWNjb3VudElkIjo0LCJjb21wYW55SWQiOiJhaW1lc29mdCJ9LCJpYXQiOjE2NDE5NzQ3MDcsImV4cCI6MTY0NDU2NjcwNywidHlwZSI6IlJFRlJFU0hfVE9LRU4ifQ.1Pnu6nVThDFabznE90OoN3vts5senz5IWiI0CSvu2_o', '2022-02-11 15:05:07', 'REFRESH_TOKEN');
INSERT INTO `token` (`id`, `createdAt`, `updatedAt`, `accountId`, `token`, `expires`, `type`) VALUES
(152, '2022-01-12 08:08:01.471216', '2022-01-12 08:08:01.471216', 4, 'eyJhbGciOiJIUzI1NiIsInR5cCI6IkpXVCJ9.eyJzdWIiOnsiYWNjb3VudElkIjo0LCJjb21wYW55SWQiOiJhaW1lc29mdCJ9LCJpYXQiOjE2NDE5NzQ4ODEsImV4cCI6MTY0NDU2Njg4MSwidHlwZSI6IlJFRlJFU0hfVE9LRU4ifQ.92v0OL8Cbr0zSK42Yb0EwExgy55gMFCaXwxMPiqEZL0', '2022-02-11 15:08:01', 'REFRESH_TOKEN'),
(153, '2022-01-12 08:17:18.736807', '2022-01-12 08:17:18.736807', 4, 'eyJhbGciOiJIUzI1NiIsInR5cCI6IkpXVCJ9.eyJzdWIiOnsiYWNjb3VudElkIjo0LCJjb21wYW55SWQiOiJhaW1lc29mdCJ9LCJpYXQiOjE2NDE5NzU0MzgsImV4cCI6MTY0NDU2NzQzOCwidHlwZSI6IlJFRlJFU0hfVE9LRU4ifQ.ZX9UqZpTyELwG2-RqDVdm7i5gEX4UuTxAUjTBHSQZPA', '2022-02-11 15:17:18', 'REFRESH_TOKEN'),
(154, '2022-01-12 08:17:52.087438', '2022-01-12 08:17:52.087438', 4, 'eyJhbGciOiJIUzI1NiIsInR5cCI6IkpXVCJ9.eyJzdWIiOnsiYWNjb3VudElkIjo0LCJjb21wYW55SWQiOiJhaW1lc29mdCJ9LCJpYXQiOjE2NDE5NzU0NzIsImV4cCI6MTY0NDU2NzQ3MiwidHlwZSI6IlJFRlJFU0hfVE9LRU4ifQ.ncetx6qOvoO4y2Ip5LgZyWMjyj30KU2Hq41TS5UMIs8', '2022-02-11 15:17:52', 'REFRESH_TOKEN'),
(155, '2022-01-12 08:18:19.437837', '2022-01-12 08:18:19.437837', 4, 'eyJhbGciOiJIUzI1NiIsInR5cCI6IkpXVCJ9.eyJzdWIiOnsiYWNjb3VudElkIjo0LCJjb21wYW55SWQiOiJhaW1lc29mdCJ9LCJpYXQiOjE2NDE5NzU0OTksImV4cCI6MTY0NDU2NzQ5OSwidHlwZSI6IlJFRlJFU0hfVE9LRU4ifQ.0lpfm1wqBhd-lAQCanrWmU0GPVJcuYZzq4wJs7nm664', '2022-02-11 15:18:19', 'REFRESH_TOKEN'),
(156, '2022-01-12 08:19:47.152942', '2022-01-12 08:19:47.152942', 4, 'eyJhbGciOiJIUzI1NiIsInR5cCI6IkpXVCJ9.eyJzdWIiOnsiYWNjb3VudElkIjo0LCJjb21wYW55SWQiOiJhaW1lc29mdCJ9LCJpYXQiOjE2NDE5NzU1ODcsImV4cCI6MTY0NDU2NzU4NywidHlwZSI6IlJFRlJFU0hfVE9LRU4ifQ.rkuxfBweFIocKJgOBz97RGAUuOUo4Jdu3vtVUcxPsPs', '2022-02-11 15:19:47', 'REFRESH_TOKEN'),
(157, '2022-01-12 08:20:44.444754', '2022-01-12 08:20:44.444754', 4, 'eyJhbGciOiJIUzI1NiIsInR5cCI6IkpXVCJ9.eyJzdWIiOnsiYWNjb3VudElkIjo0LCJjb21wYW55SWQiOiJhaW1lc29mdCJ9LCJpYXQiOjE2NDE5NzU2NDQsImV4cCI6MTY0NDU2NzY0NCwidHlwZSI6IlJFRlJFU0hfVE9LRU4ifQ.ImJ1yR9AlxKtmRzdNjk_jpqX5QjK6BAvqD1ZqkM7gJQ', '2022-02-11 15:20:44', 'REFRESH_TOKEN'),
(158, '2022-01-12 08:21:34.854058', '2022-01-12 08:21:34.854058', 4, 'eyJhbGciOiJIUzI1NiIsInR5cCI6IkpXVCJ9.eyJzdWIiOnsiYWNjb3VudElkIjo0LCJjb21wYW55SWQiOiJhaW1lc29mdCJ9LCJpYXQiOjE2NDE5NzU2OTQsImV4cCI6MTY0NDU2NzY5NCwidHlwZSI6IlJFRlJFU0hfVE9LRU4ifQ.dKK9fN85b11DKtv-Ww3TiKBt6Zay3ghshJUHXLo5QNc', '2022-02-11 15:21:34', 'REFRESH_TOKEN'),
(159, '2022-01-12 08:26:22.374121', '2022-01-12 08:26:22.374121', 4, 'eyJhbGciOiJIUzI1NiIsInR5cCI6IkpXVCJ9.eyJzdWIiOnsiYWNjb3VudElkIjo0LCJjb21wYW55SWQiOiJhaW1lc29mdCJ9LCJpYXQiOjE2NDE5NzU5ODIsImV4cCI6MTY0NDU2Nzk4MiwidHlwZSI6IlJFRlJFU0hfVE9LRU4ifQ.c5-MohTHmcC81fb6jhohq5Upi9r-rQG-s3GRRIl7hOA', '2022-02-11 15:26:22', 'REFRESH_TOKEN'),
(160, '2022-01-12 08:27:16.512629', '2022-01-12 08:27:16.512629', 4, 'eyJhbGciOiJIUzI1NiIsInR5cCI6IkpXVCJ9.eyJzdWIiOnsiYWNjb3VudElkIjo0LCJjb21wYW55SWQiOiJhaW1lc29mdCJ9LCJpYXQiOjE2NDE5NzYwMzYsImV4cCI6MTY0NDU2ODAzNiwidHlwZSI6IlJFRlJFU0hfVE9LRU4ifQ.YKRYCOe8QM3Gr5gwUGgNrssdt8U0Y21EQ3A3ZVc9-To', '2022-02-11 15:27:16', 'REFRESH_TOKEN'),
(161, '2022-01-12 09:01:27.283903', '2022-01-12 09:01:27.283903', 4, 'eyJhbGciOiJIUzI1NiIsInR5cCI6IkpXVCJ9.eyJzdWIiOnsiYWNjb3VudElkIjo0LCJjb21wYW55SWQiOiJhaW1lc29mdCJ9LCJpYXQiOjE2NDE5NzgwODcsImV4cCI6MTY0NDU3MDA4NywidHlwZSI6IlJFRlJFU0hfVE9LRU4ifQ.CKDwIiDeoUS1uLKyq7ZjdI8IDWVCGUlWtkhoCAc3EkA', '2022-02-11 16:01:27', 'REFRESH_TOKEN'),
(162, '2022-01-12 09:03:23.854909', '2022-01-12 09:03:23.854909', 4, 'eyJhbGciOiJIUzI1NiIsInR5cCI6IkpXVCJ9.eyJzdWIiOnsiYWNjb3VudElkIjo0LCJjb21wYW55SWQiOiJhaW1lc29mdCJ9LCJpYXQiOjE2NDE5NzgyMDMsImV4cCI6MTY0NDU3MDIwMywidHlwZSI6IlJFRlJFU0hfVE9LRU4ifQ.bms7MDiTmCVf3GbxY6v0TaV3dPpv8M3alO7bxPu6Qf8', '2022-02-11 16:03:23', 'REFRESH_TOKEN'),
(163, '2022-01-12 09:04:45.440953', '2022-01-12 09:04:45.440953', 4, 'eyJhbGciOiJIUzI1NiIsInR5cCI6IkpXVCJ9.eyJzdWIiOnsiYWNjb3VudElkIjo0LCJjb21wYW55SWQiOiJhaW1lc29mdCJ9LCJpYXQiOjE2NDE5NzgyODUsImV4cCI6MTY0NDU3MDI4NSwidHlwZSI6IlJFRlJFU0hfVE9LRU4ifQ.Jv3VBRZgNO3MNm7pXBbF4dIr4qr6JdtA3_Oi_a7R074', '2022-02-11 16:04:45', 'REFRESH_TOKEN'),
(164, '2022-01-12 09:05:42.697160', '2022-01-12 09:05:42.697160', 4, 'eyJhbGciOiJIUzI1NiIsInR5cCI6IkpXVCJ9.eyJzdWIiOnsiYWNjb3VudElkIjo0LCJjb21wYW55SWQiOiJhaW1lc29mdCJ9LCJpYXQiOjE2NDE5NzgzNDIsImV4cCI6MTY0NDU3MDM0MiwidHlwZSI6IlJFRlJFU0hfVE9LRU4ifQ.puaocLneU-gLkunayMY6PgfptA31-dFQKkTDIVQu4sA', '2022-02-11 16:05:42', 'REFRESH_TOKEN'),
(165, '2022-01-12 09:18:48.528851', '2022-01-12 09:18:48.528851', 4, 'eyJhbGciOiJIUzI1NiIsInR5cCI6IkpXVCJ9.eyJzdWIiOnsiYWNjb3VudElkIjo0LCJjb21wYW55SWQiOiJhaW1lc29mdCJ9LCJpYXQiOjE2NDE5NzkxMjgsImV4cCI6MTY0NDU3MTEyOCwidHlwZSI6IlJFRlJFU0hfVE9LRU4ifQ.YbeRJJkewmgW2-73WI05Vlp-0FpcybliKeQmhlvtkpk', '2022-02-11 16:18:48', 'REFRESH_TOKEN'),
(166, '2022-01-12 09:39:19.646267', '2022-01-12 09:39:19.646267', 4, 'eyJhbGciOiJIUzI1NiIsInR5cCI6IkpXVCJ9.eyJzdWIiOnsiYWNjb3VudElkIjo0LCJjb21wYW55SWQiOiJhaW1lc29mdCJ9LCJpYXQiOjE2NDE5ODAzNTksImV4cCI6MTY0NDU3MjM1OSwidHlwZSI6IlJFRlJFU0hfVE9LRU4ifQ.DxsdE-wMYCg5AXlRfm7DCY7STh1Be_sCCeFfpfPyeVQ', '2022-02-11 16:39:19', 'REFRESH_TOKEN'),
(167, '2022-01-12 09:40:02.704058', '2022-01-12 09:40:02.704058', 4, 'eyJhbGciOiJIUzI1NiIsInR5cCI6IkpXVCJ9.eyJzdWIiOnsiYWNjb3VudElkIjo0LCJjb21wYW55SWQiOiJhaW1lc29mdCJ9LCJpYXQiOjE2NDE5ODA0MDIsImV4cCI6MTY0NDU3MjQwMiwidHlwZSI6IlJFRlJFU0hfVE9LRU4ifQ.m6ub4oeXYfvyVtTG8zUBk1XGjM13LlaS5BMpehx2zVw', '2022-02-11 16:40:02', 'REFRESH_TOKEN'),
(168, '2022-01-12 09:43:22.950847', '2022-01-12 09:43:22.950847', 4, 'eyJhbGciOiJIUzI1NiIsInR5cCI6IkpXVCJ9.eyJzdWIiOnsiYWNjb3VudElkIjo0LCJjb21wYW55SWQiOiJhaW1lc29mdCJ9LCJpYXQiOjE2NDE5ODA2MDIsImV4cCI6MTY0NDU3MjYwMiwidHlwZSI6IlJFRlJFU0hfVE9LRU4ifQ.JVZrht4GHd830uVuNonC9hU0J0d-ibuDfi5yaYTct-Y', '2022-02-11 16:43:22', 'REFRESH_TOKEN'),
(169, '2022-01-12 09:51:31.575214', '2022-01-12 09:51:31.575214', 4, 'eyJhbGciOiJIUzI1NiIsInR5cCI6IkpXVCJ9.eyJzdWIiOnsiYWNjb3VudElkIjo0LCJjb21wYW55SWQiOiJhaW1lc29mdCJ9LCJpYXQiOjE2NDE5ODEwOTEsImV4cCI6MTY0NDU3MzA5MSwidHlwZSI6IlJFRlJFU0hfVE9LRU4ifQ.cKaW7rhMtesYmQysfbJchudpIiztG12vImClPyS-tLU', '2022-02-11 16:51:31', 'REFRESH_TOKEN'),
(170, '2022-01-12 09:59:53.827217', '2022-01-12 09:59:53.827217', 4, 'eyJhbGciOiJIUzI1NiIsInR5cCI6IkpXVCJ9.eyJzdWIiOnsiYWNjb3VudElkIjo0LCJjb21wYW55SWQiOiJhaW1lc29mdCJ9LCJpYXQiOjE2NDE5ODE1OTMsImV4cCI6MTY0NDU3MzU5MywidHlwZSI6IlJFRlJFU0hfVE9LRU4ifQ.VKu5Ost-O7n2MBtXJeYm4PxSHcUwYzKnhztKIfDZ-ZM', '2022-02-11 16:59:53', 'REFRESH_TOKEN'),
(171, '2022-01-12 10:01:29.914597', '2022-01-12 10:01:29.914597', 4, 'eyJhbGciOiJIUzI1NiIsInR5cCI6IkpXVCJ9.eyJzdWIiOnsiYWNjb3VudElkIjo0LCJjb21wYW55SWQiOiJhaW1lc29mdCJ9LCJpYXQiOjE2NDE5ODE2ODksImV4cCI6MTY0NDU3MzY4OSwidHlwZSI6IlJFRlJFU0hfVE9LRU4ifQ.wOakpWefxn2xBAXbU62dl3jREq4CTdHNQopdzuICtD4', '2022-02-11 17:01:29', 'REFRESH_TOKEN'),
(172, '2022-01-12 10:14:29.957533', '2022-01-12 10:14:29.957533', 4, 'eyJhbGciOiJIUzI1NiIsInR5cCI6IkpXVCJ9.eyJzdWIiOnsiYWNjb3VudElkIjo0LCJjb21wYW55SWQiOiJhaW1lc29mdCJ9LCJpYXQiOjE2NDE5ODI0NjksImV4cCI6MTY0NDU3NDQ2OSwidHlwZSI6IlJFRlJFU0hfVE9LRU4ifQ.KXT1er6Pgyyb0RSh_rjZOCZEldXCrhBe1TCOnrqpwZA', '2022-02-11 17:14:29', 'REFRESH_TOKEN'),
(173, '2022-01-12 10:14:52.778093', '2022-01-12 10:14:52.778093', 4, 'eyJhbGciOiJIUzI1NiIsInR5cCI6IkpXVCJ9.eyJzdWIiOnsiYWNjb3VudElkIjo0LCJjb21wYW55SWQiOiJhaW1lc29mdCJ9LCJpYXQiOjE2NDE5ODI0OTIsImV4cCI6MTY0NDU3NDQ5MiwidHlwZSI6IlJFRlJFU0hfVE9LRU4ifQ.eROzFHfPZg-YzTfqNEjuFBZgohZdiKJoPi86BHZAQfc', '2022-02-11 17:14:52', 'REFRESH_TOKEN'),
(174, '2022-01-12 10:15:32.465208', '2022-01-12 10:15:32.465208', 4, 'eyJhbGciOiJIUzI1NiIsInR5cCI6IkpXVCJ9.eyJzdWIiOnsiYWNjb3VudElkIjo0LCJjb21wYW55SWQiOiJhaW1lc29mdCJ9LCJpYXQiOjE2NDE5ODI1MzIsImV4cCI6MTY0NDU3NDUzMiwidHlwZSI6IlJFRlJFU0hfVE9LRU4ifQ.dY0btePdnB3Mm1VdlsJlLAPQDAirp0hQn7hhDOJ3N4k', '2022-02-11 17:15:32', 'REFRESH_TOKEN'),
(175, '2022-01-12 10:32:01.323411', '2022-01-12 10:32:01.323411', 4, 'eyJhbGciOiJIUzI1NiIsInR5cCI6IkpXVCJ9.eyJzdWIiOnsiYWNjb3VudElkIjo0LCJjb21wYW55SWQiOiJhaW1lc29mdCJ9LCJpYXQiOjE2NDE5ODM1MjEsImV4cCI6MTY0NDU3NTUyMSwidHlwZSI6IlJFRlJFU0hfVE9LRU4ifQ.1sK0qf8rcKfpaoZ0iFL3g00Z3Q5-LDa8bu2CeVrm9vU', '2022-02-11 17:32:01', 'REFRESH_TOKEN'),
(176, '2022-01-13 03:00:51.036234', '2022-01-13 03:00:51.036234', 4, 'eyJhbGciOiJIUzI1NiIsInR5cCI6IkpXVCJ9.eyJzdWIiOnsiYWNjb3VudElkIjo0LCJjb21wYW55SWQiOiJhaW1lc29mdCJ9LCJpYXQiOjE2NDIwNDI4NTEsImV4cCI6MTY0NDYzNDg1MSwidHlwZSI6IlJFRlJFU0hfVE9LRU4ifQ.iCc91g_BptUfkHETAf3D5J5vRCYAlQqy8aZZ1GIruLQ', '2022-02-12 10:00:51', 'REFRESH_TOKEN'),
(177, '2022-01-13 03:01:53.091132', '2022-01-13 03:01:53.091132', 4, 'eyJhbGciOiJIUzI1NiIsInR5cCI6IkpXVCJ9.eyJzdWIiOnsiYWNjb3VudElkIjo0LCJjb21wYW55SWQiOiJhaW1lc29mdCJ9LCJpYXQiOjE2NDIwNDI5MTMsImV4cCI6MTY0NDYzNDkxMywidHlwZSI6IlJFRlJFU0hfVE9LRU4ifQ.VXOgR9E5yngTLo6ebpMR6WKeKR4lsmnolQ_HtDWTBy4', '2022-02-12 10:01:53', 'REFRESH_TOKEN'),
(178, '2022-01-13 03:03:54.595620', '2022-01-13 03:03:54.595620', 4, 'eyJhbGciOiJIUzI1NiIsInR5cCI6IkpXVCJ9.eyJzdWIiOnsiYWNjb3VudElkIjo0LCJjb21wYW55SWQiOiJhaW1lc29mdCJ9LCJpYXQiOjE2NDIwNDMwMzQsImV4cCI6MTY0NDYzNTAzNCwidHlwZSI6IlJFRlJFU0hfVE9LRU4ifQ.VHa-PKXAjkdp55flYNNhzYsynFOCN_jfJv1Ijb6PoqQ', '2022-02-12 10:03:54', 'REFRESH_TOKEN'),
(179, '2022-01-13 03:11:25.801357', '2022-01-13 03:11:25.801357', 4, 'eyJhbGciOiJIUzI1NiIsInR5cCI6IkpXVCJ9.eyJzdWIiOnsiYWNjb3VudElkIjo0LCJjb21wYW55SWQiOiJhaW1lc29mdCJ9LCJpYXQiOjE2NDIwNDM0ODUsImV4cCI6MTY0NDYzNTQ4NSwidHlwZSI6IlJFRlJFU0hfVE9LRU4ifQ.fhqZw68elJw80DZL4q5dr4rjgs5RY9aEjAAOtewf-yc', '2022-02-12 10:11:25', 'REFRESH_TOKEN'),
(180, '2022-01-13 03:12:36.862127', '2022-01-13 03:12:36.862127', 4, 'eyJhbGciOiJIUzI1NiIsInR5cCI6IkpXVCJ9.eyJzdWIiOnsiYWNjb3VudElkIjo0LCJjb21wYW55SWQiOiJhaW1lc29mdCJ9LCJpYXQiOjE2NDIwNDM1NTYsImV4cCI6MTY0NDYzNTU1NiwidHlwZSI6IlJFRlJFU0hfVE9LRU4ifQ.tuzVyGX5Y3iiDUI9G3Ri6onxyHy-UD-iIGtNKwnUIgg', '2022-02-12 10:12:36', 'REFRESH_TOKEN'),
(181, '2022-01-13 03:13:24.331954', '2022-01-13 03:13:24.331954', 4, 'eyJhbGciOiJIUzI1NiIsInR5cCI6IkpXVCJ9.eyJzdWIiOnsiYWNjb3VudElkIjo0LCJjb21wYW55SWQiOiJhaW1lc29mdCJ9LCJpYXQiOjE2NDIwNDM2MDQsImV4cCI6MTY0NDYzNTYwNCwidHlwZSI6IlJFRlJFU0hfVE9LRU4ifQ.cR3qKdymOXApkZ3YjEkeJdXZ2Mo19C3c9V4mkWBS7DU', '2022-02-12 10:13:24', 'REFRESH_TOKEN'),
(182, '2022-01-13 03:14:05.047189', '2022-01-13 03:14:05.047189', 4, 'eyJhbGciOiJIUzI1NiIsInR5cCI6IkpXVCJ9.eyJzdWIiOnsiYWNjb3VudElkIjo0LCJjb21wYW55SWQiOiJhaW1lc29mdCJ9LCJpYXQiOjE2NDIwNDM2NDUsImV4cCI6MTY0NDYzNTY0NSwidHlwZSI6IlJFRlJFU0hfVE9LRU4ifQ.JDGo9d3DBaWpfCfnPMBjM15GS0vkIL20nYXL6nfqOwo', '2022-02-12 10:14:05', 'REFRESH_TOKEN'),
(183, '2022-01-13 03:21:54.099047', '2022-01-13 03:21:54.099047', 4, 'eyJhbGciOiJIUzI1NiIsInR5cCI6IkpXVCJ9.eyJzdWIiOnsiYWNjb3VudElkIjo0LCJjb21wYW55SWQiOiJhaW1lc29mdCJ9LCJpYXQiOjE2NDIwNDQxMTQsImV4cCI6MTY0NDYzNjExNCwidHlwZSI6IlJFRlJFU0hfVE9LRU4ifQ.Oi4wxSLdBDFBjIJswvqpAvPfukTTlIxxVwokHtN5-uM', '2022-02-12 10:21:54', 'REFRESH_TOKEN'),
(184, '2022-01-13 03:27:17.613904', '2022-01-13 03:27:17.613904', 4, 'eyJhbGciOiJIUzI1NiIsInR5cCI6IkpXVCJ9.eyJzdWIiOnsiYWNjb3VudElkIjo0LCJjb21wYW55SWQiOiJhaW1lc29mdCJ9LCJpYXQiOjE2NDIwNDQ0MzcsImV4cCI6MTY0NDYzNjQzNywidHlwZSI6IlJFRlJFU0hfVE9LRU4ifQ.xqIWpjxb8ScifsSijEOoybr9bC-nL4SUY2QzQJqtcBg', '2022-02-12 10:27:17', 'REFRESH_TOKEN'),
(185, '2022-01-13 03:30:48.438813', '2022-01-13 03:30:48.438813', 4, 'eyJhbGciOiJIUzI1NiIsInR5cCI6IkpXVCJ9.eyJzdWIiOnsiYWNjb3VudElkIjo0LCJjb21wYW55SWQiOiJhaW1lc29mdCJ9LCJpYXQiOjE2NDIwNDQ2NDgsImV4cCI6MTY0NDYzNjY0OCwidHlwZSI6IlJFRlJFU0hfVE9LRU4ifQ.H8r8K0LiGLq737nLlPYeYvTDyxNVO8Cogq2yw2Xss3w', '2022-02-12 10:30:48', 'REFRESH_TOKEN'),
(186, '2022-01-13 03:31:55.828911', '2022-01-13 03:31:55.828911', 4, 'eyJhbGciOiJIUzI1NiIsInR5cCI6IkpXVCJ9.eyJzdWIiOnsiYWNjb3VudElkIjo0LCJjb21wYW55SWQiOiJhaW1lc29mdCJ9LCJpYXQiOjE2NDIwNDQ3MTUsImV4cCI6MTY0NDYzNjcxNSwidHlwZSI6IlJFRlJFU0hfVE9LRU4ifQ.B3PQwDeRnE68HRXTMKqXw588Ncl4ox3fT0GtjKgmtLQ', '2022-02-12 10:31:55', 'REFRESH_TOKEN'),
(187, '2022-01-13 03:33:46.951352', '2022-01-13 03:33:46.951352', 4, 'eyJhbGciOiJIUzI1NiIsInR5cCI6IkpXVCJ9.eyJzdWIiOnsiYWNjb3VudElkIjo0LCJjb21wYW55SWQiOiJhaW1lc29mdCJ9LCJpYXQiOjE2NDIwNDQ4MjYsImV4cCI6MTY0NDYzNjgyNiwidHlwZSI6IlJFRlJFU0hfVE9LRU4ifQ.6qPu8lfhOCJtI8vrXH-eAeCjWCnlNQZlgOfHOux3Chc', '2022-02-12 10:33:46', 'REFRESH_TOKEN'),
(188, '2022-01-13 03:35:29.834289', '2022-01-13 03:35:29.834289', 4, 'eyJhbGciOiJIUzI1NiIsInR5cCI6IkpXVCJ9.eyJzdWIiOnsiYWNjb3VudElkIjo0LCJjb21wYW55SWQiOiJhaW1lc29mdCJ9LCJpYXQiOjE2NDIwNDQ5MjksImV4cCI6MTY0NDYzNjkyOSwidHlwZSI6IlJFRlJFU0hfVE9LRU4ifQ.OtdMIO-WgwjWgCuuaLyg98xyxeyBGu29jo8aONulYHM', '2022-02-12 10:35:29', 'REFRESH_TOKEN'),
(189, '2022-01-13 03:57:56.748068', '2022-01-13 03:57:56.748068', 4, 'eyJhbGciOiJIUzI1NiIsInR5cCI6IkpXVCJ9.eyJzdWIiOnsiYWNjb3VudElkIjo0LCJjb21wYW55SWQiOiJhaW1lc29mdCJ9LCJpYXQiOjE2NDIwNDYyNzYsImV4cCI6MTY0NDYzODI3NiwidHlwZSI6IlJFRlJFU0hfVE9LRU4ifQ.JrHRa1I9lxWw0STJ7wFb01j0XeJR1K-qeMkUPC63CP8', '2022-02-12 10:57:56', 'REFRESH_TOKEN'),
(190, '2022-01-13 04:17:08.749133', '2022-01-13 04:17:08.749133', 4, 'eyJhbGciOiJIUzI1NiIsInR5cCI6IkpXVCJ9.eyJzdWIiOnsiYWNjb3VudElkIjo0LCJjb21wYW55SWQiOiJhaW1lc29mdCJ9LCJpYXQiOjE2NDIwNDc0MjgsImV4cCI6MTY0NDYzOTQyOCwidHlwZSI6IlJFRlJFU0hfVE9LRU4ifQ.Hlfn7tLqTYTwWw67zLrj8i9yH-tJ2izb5HfL4Jk9gBA', '2022-02-12 11:17:08', 'REFRESH_TOKEN'),
(191, '2022-01-13 04:53:05.863126', '2022-01-13 04:53:05.863126', 4, 'eyJhbGciOiJIUzI1NiIsInR5cCI6IkpXVCJ9.eyJzdWIiOnsiYWNjb3VudElkIjo0LCJjb21wYW55SWQiOiJhaW1lc29mdCJ9LCJpYXQiOjE2NDIwNDk1ODUsImV4cCI6MTY0NDY0MTU4NSwidHlwZSI6IlJFRlJFU0hfVE9LRU4ifQ.jYbmEffDJYY57fydzekNebBca2U65bNGolwYJZ6-Y-4', '2022-02-12 11:53:05', 'REFRESH_TOKEN'),
(192, '2022-01-13 08:08:11.635601', '2022-01-13 08:08:11.635601', 4, 'eyJhbGciOiJIUzI1NiIsInR5cCI6IkpXVCJ9.eyJzdWIiOnsiYWNjb3VudElkIjo0LCJjb21wYW55SWQiOiJhaW1lc29mdCJ9LCJpYXQiOjE2NDIwNjEyOTEsImV4cCI6MTY0NDY1MzI5MSwidHlwZSI6IlJFRlJFU0hfVE9LRU4ifQ.x5iYiajz4Tl0-bW5OBeAdisIj4ZXL07OYaqOVgqPCKM', '2022-02-12 15:08:11', 'REFRESH_TOKEN'),
(193, '2022-01-13 08:10:21.031577', '2022-01-13 08:10:21.031577', 4, 'eyJhbGciOiJIUzI1NiIsInR5cCI6IkpXVCJ9.eyJzdWIiOnsiYWNjb3VudElkIjo0LCJjb21wYW55SWQiOiJhaW1lc29mdCJ9LCJpYXQiOjE2NDIwNjE0MjEsImV4cCI6MTY0NDY1MzQyMSwidHlwZSI6IlJFRlJFU0hfVE9LRU4ifQ.k47GVaoLWmE69uxuLl_caAAVvSnkJd-THzw735dPb8o', '2022-02-12 15:10:21', 'REFRESH_TOKEN'),
(194, '2022-01-13 08:17:25.269056', '2022-01-13 08:17:25.269056', 4, 'eyJhbGciOiJIUzI1NiIsInR5cCI6IkpXVCJ9.eyJzdWIiOnsiYWNjb3VudElkIjo0LCJjb21wYW55SWQiOiJhaW1lc29mdCJ9LCJpYXQiOjE2NDIwNjE4NDUsImV4cCI6MTY0NDY1Mzg0NSwidHlwZSI6IlJFRlJFU0hfVE9LRU4ifQ.ZKLXtOZ-reL40Uli6xSfM_jRgQzTWCZlr0xzqlFHNTw', '2022-02-12 15:17:25', 'REFRESH_TOKEN'),
(195, '2022-01-13 08:45:46.407206', '2022-01-13 08:45:46.407206', 4, 'eyJhbGciOiJIUzI1NiIsInR5cCI6IkpXVCJ9.eyJzdWIiOnsiYWNjb3VudElkIjo0LCJjb21wYW55SWQiOiJhaW1lc29mdCJ9LCJpYXQiOjE2NDIwNjM1NDYsImV4cCI6MTY0NDY1NTU0NiwidHlwZSI6IlJFRlJFU0hfVE9LRU4ifQ.5w-DRlx9DV2XcLLpTTyneoLxIqZ7YAH642j7ZjjYAIQ', '2022-02-12 15:45:46', 'REFRESH_TOKEN'),
(196, '2022-01-13 09:37:18.700416', '2022-01-13 09:37:18.700416', 4, 'eyJhbGciOiJIUzI1NiIsInR5cCI6IkpXVCJ9.eyJzdWIiOnsiYWNjb3VudElkIjo0LCJjb21wYW55SWQiOiJhaW1lc29mdCJ9LCJpYXQiOjE2NDIwNjY2MzgsImV4cCI6MTY0NDY1ODYzOCwidHlwZSI6IlJFRlJFU0hfVE9LRU4ifQ.syU2XH6PawxRguZ4oDLLHpCOcIPRT_1ndNUbvs453fY', '2022-02-12 16:37:18', 'REFRESH_TOKEN'),
(197, '2022-01-13 10:45:36.957624', '2022-01-13 10:45:36.957624', 4, 'eyJhbGciOiJIUzI1NiIsInR5cCI6IkpXVCJ9.eyJzdWIiOnsiYWNjb3VudElkIjo0LCJjb21wYW55SWQiOiJhaW1lc29mdCJ9LCJpYXQiOjE2NDIwNzA3MzYsImV4cCI6MTY0NDY2MjczNiwidHlwZSI6IlJFRlJFU0hfVE9LRU4ifQ.P_sAxwKqzvmnN3YFZmgBGspOCAnW3N3EI06GYw2WX20', '2022-02-12 17:45:36', 'REFRESH_TOKEN'),
(198, '2022-01-14 02:35:41.028978', '2022-01-14 02:35:41.028978', 4, 'eyJhbGciOiJIUzI1NiIsInR5cCI6IkpXVCJ9.eyJzdWIiOnsiYWNjb3VudElkIjo0LCJjb21wYW55SWQiOiJhaW1lc29mdCJ9LCJpYXQiOjE2NDIxMjc3NDEsImV4cCI6MTY0NDcxOTc0MSwidHlwZSI6IlJFRlJFU0hfVE9LRU4ifQ.L5mlnkpUj4-yC6gOxYH6dWcGpViwQYdo6X5-N99F5xM', '2022-02-13 09:35:41', 'REFRESH_TOKEN'),
(199, '2022-01-14 02:47:27.896086', '2022-01-14 02:47:27.896086', 4, 'eyJhbGciOiJIUzI1NiIsInR5cCI6IkpXVCJ9.eyJzdWIiOnsiYWNjb3VudElkIjo0LCJjb21wYW55SWQiOiJhaW1lc29mdCJ9LCJpYXQiOjE2NDIxMjg0NDcsImV4cCI6MTY0NDcyMDQ0NywidHlwZSI6IlJFRlJFU0hfVE9LRU4ifQ.H_OuUp3cPO3RdP16sU6WXybsTSOVv1X3JMOlUX9ZlQE', '2022-02-13 09:47:27', 'REFRESH_TOKEN'),
(200, '2022-01-14 02:51:45.191741', '2022-01-14 02:51:45.191741', 4, 'eyJhbGciOiJIUzI1NiIsInR5cCI6IkpXVCJ9.eyJzdWIiOnsiYWNjb3VudElkIjo0LCJjb21wYW55SWQiOiJhaW1lc29mdCJ9LCJpYXQiOjE2NDIxMjg3MDUsImV4cCI6MTY0NDcyMDcwNSwidHlwZSI6IlJFRlJFU0hfVE9LRU4ifQ.EOMzX47WpBwtuKk9K3MQqXrAgpVR33it0YIvB1Q3w7I', '2022-02-13 09:51:45', 'REFRESH_TOKEN'),
(201, '2022-01-14 03:08:18.813386', '2022-01-14 03:08:18.813386', 4, 'eyJhbGciOiJIUzI1NiIsInR5cCI6IkpXVCJ9.eyJzdWIiOnsiYWNjb3VudElkIjo0LCJjb21wYW55SWQiOiJhaW1lc29mdCJ9LCJpYXQiOjE2NDIxMjk2OTgsImV4cCI6MTY0NDcyMTY5OCwidHlwZSI6IlJFRlJFU0hfVE9LRU4ifQ.8GUWUT20WM_ZkW3w9-lUzfsFZ1dMC1zjj-khtsohsSs', '2022-02-13 10:08:18', 'REFRESH_TOKEN'),
(202, '2022-01-14 03:23:05.032714', '2022-01-14 03:23:05.032714', 4, 'eyJhbGciOiJIUzI1NiIsInR5cCI6IkpXVCJ9.eyJzdWIiOnsiYWNjb3VudElkIjo0LCJjb21wYW55SWQiOiJhaW1lc29mdCJ9LCJpYXQiOjE2NDIxMzA1ODUsImV4cCI6MTY0NDcyMjU4NSwidHlwZSI6IlJFRlJFU0hfVE9LRU4ifQ.TnKZewVdHuM03YhbseiIxLpuioTslGvljeF8R58mTwM', '2022-02-13 10:23:05', 'REFRESH_TOKEN'),
(203, '2022-01-14 03:23:26.121820', '2022-01-14 03:23:26.121820', 4, 'eyJhbGciOiJIUzI1NiIsInR5cCI6IkpXVCJ9.eyJzdWIiOnsiYWNjb3VudElkIjo0LCJjb21wYW55SWQiOiJhaW1lc29mdCJ9LCJpYXQiOjE2NDIxMzA2MDYsImV4cCI6MTY0NDcyMjYwNiwidHlwZSI6IlJFRlJFU0hfVE9LRU4ifQ.iccVJ4UH4r7Jm7kGt07nSJZZI0RrUNs3cyQmX91ALQU', '2022-02-13 10:23:26', 'REFRESH_TOKEN'),
(204, '2022-01-14 03:34:59.598651', '2022-01-14 03:34:59.598651', 4, 'eyJhbGciOiJIUzI1NiIsInR5cCI6IkpXVCJ9.eyJzdWIiOnsiYWNjb3VudElkIjo0LCJjb21wYW55SWQiOiJhaW1lc29mdCJ9LCJpYXQiOjE2NDIxMzEyOTksImV4cCI6MTY0NDcyMzI5OSwidHlwZSI6IlJFRlJFU0hfVE9LRU4ifQ.Ye4VRlfT-4aBaY_PiQSjEWi2uk4GOf-6khI_bf_VvN4', '2022-02-13 10:34:59', 'REFRESH_TOKEN'),
(205, '2022-01-14 03:59:29.267378', '2022-01-14 03:59:29.267378', 4, 'eyJhbGciOiJIUzI1NiIsInR5cCI6IkpXVCJ9.eyJzdWIiOnsiYWNjb3VudElkIjo0LCJjb21wYW55SWQiOiJhaW1lc29mdCJ9LCJpYXQiOjE2NDIxMzI3NjksImV4cCI6MTY0NDcyNDc2OSwidHlwZSI6IlJFRlJFU0hfVE9LRU4ifQ.cBQt06phSS96aKEk2lFft8Cb7T6GF-YITJ57QlxVPdg', '2022-02-13 10:59:29', 'REFRESH_TOKEN'),
(206, '2022-01-14 03:59:48.618613', '2022-01-14 03:59:48.618613', 4, 'eyJhbGciOiJIUzI1NiIsInR5cCI6IkpXVCJ9.eyJzdWIiOnsiYWNjb3VudElkIjo0LCJjb21wYW55SWQiOiJhaW1lc29mdCJ9LCJpYXQiOjE2NDIxMzI3ODgsImV4cCI6MTY0NDcyNDc4OCwidHlwZSI6IlJFRlJFU0hfVE9LRU4ifQ.vvsi9fEt19sqQVGw4OWsatMn6LR7rsQE9eyyLUiKNbM', '2022-02-13 10:59:48', 'REFRESH_TOKEN'),
(207, '2022-01-14 04:00:24.250973', '2022-01-14 04:00:24.250973', 4, 'eyJhbGciOiJIUzI1NiIsInR5cCI6IkpXVCJ9.eyJzdWIiOnsiYWNjb3VudElkIjo0LCJjb21wYW55SWQiOiJhaW1lc29mdCJ9LCJpYXQiOjE2NDIxMzI4MjQsImV4cCI6MTY0NDcyNDgyNCwidHlwZSI6IlJFRlJFU0hfVE9LRU4ifQ.2_iMDxGPB5mrojqaZl2wlpgNxs8pDdptzVO9ODmm_fs', '2022-02-13 11:00:24', 'REFRESH_TOKEN'),
(208, '2022-01-14 04:27:29.577739', '2022-01-14 04:27:29.577739', 4, 'eyJhbGciOiJIUzI1NiIsInR5cCI6IkpXVCJ9.eyJzdWIiOnsiYWNjb3VudElkIjo0LCJjb21wYW55SWQiOiJhaW1lc29mdCJ9LCJpYXQiOjE2NDIxMzQ0NDksImV4cCI6MTY0NDcyNjQ0OSwidHlwZSI6IlJFRlJFU0hfVE9LRU4ifQ.61HgzCef_KLehBbYue9Y8q6tXhsoiCuWc7QPEmq07Ek', '2022-02-13 11:27:29', 'REFRESH_TOKEN'),
(209, '2022-01-14 04:27:58.794539', '2022-01-14 04:27:58.794539', 4, 'eyJhbGciOiJIUzI1NiIsInR5cCI6IkpXVCJ9.eyJzdWIiOnsiYWNjb3VudElkIjo0LCJjb21wYW55SWQiOiJhaW1lc29mdCJ9LCJpYXQiOjE2NDIxMzQ0NzgsImV4cCI6MTY0NDcyNjQ3OCwidHlwZSI6IlJFRlJFU0hfVE9LRU4ifQ.XD2M7-7c_7ka5tlXu7saYAnaIVTa2soKIkH0VILHyUA', '2022-02-13 11:27:58', 'REFRESH_TOKEN'),
(210, '2022-01-14 04:28:20.465501', '2022-01-14 04:28:20.465501', 4, 'eyJhbGciOiJIUzI1NiIsInR5cCI6IkpXVCJ9.eyJzdWIiOnsiYWNjb3VudElkIjo0LCJjb21wYW55SWQiOiJhaW1lc29mdCJ9LCJpYXQiOjE2NDIxMzQ1MDAsImV4cCI6MTY0NDcyNjUwMCwidHlwZSI6IlJFRlJFU0hfVE9LRU4ifQ.kHNkXPsJuyzNN5q1bX_pfvaNWfH9yIyDX_KMRRM7Ul4', '2022-02-13 11:28:20', 'REFRESH_TOKEN'),
(211, '2022-01-14 06:31:08.282637', '2022-01-14 06:31:08.282637', 4, 'eyJhbGciOiJIUzI1NiIsInR5cCI6IkpXVCJ9.eyJzdWIiOnsiYWNjb3VudElkIjo0LCJjb21wYW55SWQiOiJhaW1lc29mdCJ9LCJpYXQiOjE2NDIxNDE4NjgsImV4cCI6MTY0NDczMzg2OCwidHlwZSI6IlJFRlJFU0hfVE9LRU4ifQ.6y3Y7uxOpR3bFy8rV561UR-ug67rnuswPj7dq0Mhu2I', '2022-02-13 13:31:08', 'REFRESH_TOKEN'),
(212, '2022-01-14 06:48:05.713969', '2022-01-14 06:48:05.713969', 4, 'eyJhbGciOiJIUzI1NiIsInR5cCI6IkpXVCJ9.eyJzdWIiOnsiYWNjb3VudElkIjo0LCJjb21wYW55SWQiOiJhaW1lc29mdCJ9LCJpYXQiOjE2NDIxNDI4ODUsImV4cCI6MTY0NDczNDg4NSwidHlwZSI6IlJFRlJFU0hfVE9LRU4ifQ.DHhsz0lkkRnMM6SiaT1KwwKHNbghH8zpM95Nt3LF35I', '2022-02-13 13:48:05', 'REFRESH_TOKEN'),
(213, '2022-01-14 06:55:26.507974', '2022-01-14 06:55:26.507974', 4, 'eyJhbGciOiJIUzI1NiIsInR5cCI6IkpXVCJ9.eyJzdWIiOnsiYWNjb3VudElkIjo0LCJjb21wYW55SWQiOiJhaW1lc29mdCJ9LCJpYXQiOjE2NDIxNDMzMjYsImV4cCI6MTY0NDczNTMyNiwidHlwZSI6IlJFRlJFU0hfVE9LRU4ifQ.Dq9JpY_NI1-uynvjN5iXrtvBhsgqgiDe00gq-igAd4I', '2022-02-13 13:55:26', 'REFRESH_TOKEN'),
(214, '2022-01-14 06:56:04.315083', '2022-01-14 06:56:04.315083', 4, 'eyJhbGciOiJIUzI1NiIsInR5cCI6IkpXVCJ9.eyJzdWIiOnsiYWNjb3VudElkIjo0LCJjb21wYW55SWQiOiJhaW1lc29mdCJ9LCJpYXQiOjE2NDIxNDMzNjQsImV4cCI6MTY0NDczNTM2NCwidHlwZSI6IlJFRlJFU0hfVE9LRU4ifQ.BS7BW9Jtm8eZ0_8_eI40H4UDPV-YiFQgsrWdlaqUSMI', '2022-02-13 13:56:04', 'REFRESH_TOKEN');

-- --------------------------------------------------------

--
-- Cấu trúc bảng cho bảng `typeorm_metadata`
--

CREATE TABLE `typeorm_metadata` (
  `type` varchar(255) NOT NULL,
  `database` varchar(255) DEFAULT NULL,
  `schema` varchar(255) DEFAULT NULL,
  `table` varchar(255) DEFAULT NULL,
  `name` varchar(255) DEFAULT NULL,
  `value` text DEFAULT NULL
) ENGINE=InnoDB DEFAULT CHARSET=utf8mb4;

--
-- Đang đổ dữ liệu cho bảng `typeorm_metadata`
--

INSERT INTO `typeorm_metadata` (`type`, `database`, `schema`, `table`, `name`, `value`) VALUES
('VIEW', NULL, 'markitone_bk', NULL, 'candidate_company', 'SELECT `company`.`id` AS `id`, `company`.`createdAt` AS `createdAt`, `company`.`updatedAt` AS `updatedAt`, `company`.`companyName` AS `companyName`, `company`.`companyId` AS `companyId` FROM `company` `company`'),
('VIEW', NULL, 'markitone_bk', NULL, 'candidate_account', 'SELECT `account`.`id` AS `id`, `account`.`createdAt` AS `createdAt`, `account`.`updatedAt` AS `updatedAt`, `account`.`username` AS `internalAccountId`, `account`.`externalAccountId` AS `accountId`, `account`.`accountName` AS `accountName`, `account`.`companyId` AS `companyId`, `account`.`password` AS `password`, `account`.`deletedAt` AS `deletedAt` FROM `account` `account`'),
('VIEW', NULL, 'markitone_bk', NULL, 'candidate_customer', 'SELECT `customer`.`id` AS `id`, `customer`.`createdAt` AS `createdAt`, `customer`.`updatedAt` AS `updatedAt`, `customer`.`customerId` AS `internalCustomerId`, `customer`.`externalCustomerId` AS `customerId`, `customer`.`customerName` AS `customerName`, `customer`.`companyId` AS `companyId`, `customer`.`deletedAt` AS `deletedAt` FROM `customer` `customer`'),
('VIEW', NULL, 'markitone_bk', NULL, 'candidate_memo', 'SELECT `memo`.`id` AS `id`, `memo`.`createdAt` AS `createdAt`, `memo`.`customerId` AS `internalCustomerId`, `memo`.`memo` AS `memo`, `memo`.`deletedAt` AS `deletedAt`, `memo`.`createdBy` AS `createdBy`, `account`.`username` AS `internalAccountId`, `account`.`externalAccountId` AS `accountId`, `account`.`accountName` AS `accountName`, `account`.`companyId` AS `companyId`, `customer`.`externalCustomerId` AS `customerId`, `customer`.`customerName` AS `customerName` FROM `memo` `memo` LEFT JOIN `account` `account` ON `account`.`id` = `memo`.`createdBy`  LEFT JOIN `customer` `customer` ON `customer`.`customerId` = `memo`.`customerId`');

-- --------------------------------------------------------

--
-- Cấu trúc cho view `candidate_account`
--
DROP TABLE IF EXISTS `candidate_account`;

CREATE ALGORITHM=UNDEFINED DEFINER=`root`@`localhost` SQL SECURITY DEFINER VIEW `candidate_account`  AS SELECT `account`.`id` AS `id`, `account`.`createdAt` AS `createdAt`, `account`.`updatedAt` AS `updatedAt`, `account`.`username` AS `internalAccountId`, `account`.`externalAccountId` AS `accountId`, `account`.`accountName` AS `accountName`, `account`.`companyId` AS `companyId`, `account`.`password` AS `password`, `account`.`deletedAt` AS `deletedAt` FROM `account` ;

-- --------------------------------------------------------

--
-- Cấu trúc cho view `candidate_company`
--
DROP TABLE IF EXISTS `candidate_company`;

CREATE ALGORITHM=UNDEFINED DEFINER=`root`@`localhost` SQL SECURITY DEFINER VIEW `candidate_company`  AS SELECT `company`.`id` AS `id`, `company`.`createdAt` AS `createdAt`, `company`.`updatedAt` AS `updatedAt`, `company`.`companyName` AS `companyName`, `company`.`companyId` AS `companyId` FROM `company` ;

-- --------------------------------------------------------

--
-- Cấu trúc cho view `candidate_customer`
--
DROP TABLE IF EXISTS `candidate_customer`;

CREATE ALGORITHM=UNDEFINED DEFINER=`root`@`localhost` SQL SECURITY DEFINER VIEW `candidate_customer`  AS SELECT `customer`.`id` AS `id`, `customer`.`createdAt` AS `createdAt`, `customer`.`updatedAt` AS `updatedAt`, `customer`.`customerId` AS `internalCustomerId`, `customer`.`externalCustomerId` AS `customerId`, `customer`.`customerName` AS `customerName`, `customer`.`companyId` AS `companyId`, `customer`.`deletedAt` AS `deletedAt` FROM `customer` ;

-- --------------------------------------------------------

--
-- Cấu trúc cho view `candidate_memo`
--
DROP TABLE IF EXISTS `candidate_memo`;

CREATE ALGORITHM=UNDEFINED DEFINER=`root`@`localhost` SQL SECURITY DEFINER VIEW `candidate_memo`  AS SELECT `memo`.`id` AS `id`, `memo`.`createdAt` AS `createdAt`, `memo`.`customerId` AS `internalCustomerId`, `memo`.`memo` AS `memo`, `memo`.`deletedAt` AS `deletedAt`, `memo`.`createdBy` AS `createdBy`, `account`.`username` AS `internalAccountId`, `account`.`externalAccountId` AS `accountId`, `account`.`accountName` AS `accountName`, `account`.`companyId` AS `companyId`, `customer`.`externalCustomerId` AS `customerId`, `customer`.`customerName` AS `customerName` FROM ((`memo` left join `account` on(`account`.`id` = `memo`.`createdBy`)) left join `customer` on(`customer`.`customerId` = `memo`.`customerId`)) ;

--
-- Chỉ mục cho các bảng đã đổ
--

--
-- Chỉ mục cho bảng `account`
--
ALTER TABLE `account`
  ADD PRIMARY KEY (`id`),
  ADD UNIQUE KEY `IDX_41dfcb70af895ddf9a53094515` (`username`),
  ADD KEY `FK_2d01dcea17c1dbaa448a235ac57` (`companyId`);

--
-- Chỉ mục cho bảng `company`
--
ALTER TABLE `company`
  ADD PRIMARY KEY (`id`),
  ADD UNIQUE KEY `IDX_81611e86d93048399727342016` (`companyId`);

--
-- Chỉ mục cho bảng `customer`
--
ALTER TABLE `customer`
  ADD PRIMARY KEY (`id`),
  ADD UNIQUE KEY `IDX_71302d30c27acbf513b3d74f81` (`customerId`),
  ADD KEY `FK_a9d874b83a7879be8538bf08b09` (`companyId`);

--
-- Chỉ mục cho bảng `memo`
--
ALTER TABLE `memo`
  ADD PRIMARY KEY (`id`),
  ADD KEY `FK_c96668cf57cbc5925c241ddb156` (`createdBy`),
  ADD KEY `FK_793fbeefcc341ecbc60018ef987` (`customerId`);

--
-- Chỉ mục cho bảng `token`
--
ALTER TABLE `token`
  ADD PRIMARY KEY (`id`),
  ADD KEY `FK_7c9a1a6d90661d190ed278592c0` (`accountId`);

--
-- AUTO_INCREMENT cho các bảng đã đổ
--

--
-- AUTO_INCREMENT cho bảng `account`
--
ALTER TABLE `account`
  MODIFY `id` int(11) NOT NULL AUTO_INCREMENT, AUTO_INCREMENT=9;

--
-- AUTO_INCREMENT cho bảng `company`
--
ALTER TABLE `company`
  MODIFY `id` int(11) NOT NULL AUTO_INCREMENT, AUTO_INCREMENT=3;

--
-- AUTO_INCREMENT cho bảng `customer`
--
ALTER TABLE `customer`
  MODIFY `id` int(11) NOT NULL AUTO_INCREMENT, AUTO_INCREMENT=8;

--
-- AUTO_INCREMENT cho bảng `memo`
--
ALTER TABLE `memo`
  MODIFY `id` int(11) NOT NULL AUTO_INCREMENT, AUTO_INCREMENT=37;

--
-- AUTO_INCREMENT cho bảng `token`
--
ALTER TABLE `token`
  MODIFY `id` int(11) NOT NULL AUTO_INCREMENT, AUTO_INCREMENT=215;

--
-- Các ràng buộc cho các bảng đã đổ
--

--
-- Các ràng buộc cho bảng `account`
--
ALTER TABLE `account`
  ADD CONSTRAINT `FK_2d01dcea17c1dbaa448a235ac57` FOREIGN KEY (`companyId`) REFERENCES `company` (`companyId`) ON DELETE NO ACTION ON UPDATE NO ACTION;

--
-- Các ràng buộc cho bảng `customer`
--
ALTER TABLE `customer`
  ADD CONSTRAINT `FK_a9d874b83a7879be8538bf08b09` FOREIGN KEY (`companyId`) REFERENCES `company` (`companyId`) ON DELETE NO ACTION ON UPDATE NO ACTION;

--
-- Các ràng buộc cho bảng `memo`
--
ALTER TABLE `memo`
  ADD CONSTRAINT `FK_793fbeefcc341ecbc60018ef987` FOREIGN KEY (`customerId`) REFERENCES `customer` (`customerId`) ON DELETE NO ACTION ON UPDATE NO ACTION,
  ADD CONSTRAINT `FK_c96668cf57cbc5925c241ddb156` FOREIGN KEY (`createdBy`) REFERENCES `account` (`id`) ON DELETE NO ACTION ON UPDATE NO ACTION;

--
-- Các ràng buộc cho bảng `token`
--
ALTER TABLE `token`
  ADD CONSTRAINT `FK_7c9a1a6d90661d190ed278592c0` FOREIGN KEY (`accountId`) REFERENCES `account` (`id`) ON DELETE NO ACTION ON UPDATE NO ACTION;
COMMIT;

/*!40101 SET CHARACTER_SET_CLIENT=@OLD_CHARACTER_SET_CLIENT */;
/*!40101 SET CHARACTER_SET_RESULTS=@OLD_CHARACTER_SET_RESULTS */;
/*!40101 SET COLLATION_CONNECTION=@OLD_COLLATION_CONNECTION */;
